USE [QLVT]
GO
/****** Object:  Table [dbo].[ChiNhanh]    Script Date: 12/20/2020 5:22:13 PM ******/
SET ANSI_NULLS ON
GO
SET QUOTED_IDENTIFIER ON
GO
CREATE TABLE [dbo].[ChiNhanh](
	[MACN] [nchar](10) NOT NULL,
	[ChiNhanh] [nvarchar](100) NOT NULL,
	[DIACHI] [nvarchar](100) NOT NULL,
	[SoDT] [nvarchar](15) NOT NULL,
	[rowguid] [uniqueidentifier] ROWGUIDCOL  NOT NULL,
 CONSTRAINT [PK_ChiNhanh] PRIMARY KEY CLUSTERED 
(
	[MACN] ASC
)WITH (PAD_INDEX = OFF, STATISTICS_NORECOMPUTE = OFF, IGNORE_DUP_KEY = OFF, ALLOW_ROW_LOCKS = ON, ALLOW_PAGE_LOCKS = ON) ON [PRIMARY]
) ON [PRIMARY]
GO
/****** Object:  Table [dbo].[CTDDH]    Script Date: 12/20/2020 5:22:13 PM ******/
SET ANSI_NULLS ON
GO
SET QUOTED_IDENTIFIER ON
GO
CREATE TABLE [dbo].[CTDDH](
	[MasoDDH] [nchar](8) NOT NULL,
	[MAVT] [nchar](4) NOT NULL,
	[SOLUONG] [int] NULL,
	[DONGIA] [float] NULL,
	[rowguid] [uniqueidentifier] ROWGUIDCOL  NOT NULL,
 CONSTRAINT [PK_CTDDH] PRIMARY KEY CLUSTERED 
(
	[MasoDDH] ASC,
	[MAVT] ASC
)WITH (PAD_INDEX = OFF, STATISTICS_NORECOMPUTE = OFF, IGNORE_DUP_KEY = OFF, ALLOW_ROW_LOCKS = ON, ALLOW_PAGE_LOCKS = ON) ON [PRIMARY]
) ON [PRIMARY]
GO
/****** Object:  Table [dbo].[CTPN]    Script Date: 12/20/2020 5:22:13 PM ******/
SET ANSI_NULLS ON
GO
SET QUOTED_IDENTIFIER ON
GO
CREATE TABLE [dbo].[CTPN](
	[MAPN] [nchar](8) NOT NULL,
	[MAVT] [nchar](4) NOT NULL,
	[SOLUONG] [int] NOT NULL,
	[DONGIA] [float] NOT NULL,
	[rowguid] [uniqueidentifier] ROWGUIDCOL  NOT NULL,
 CONSTRAINT [PK_CTPN] PRIMARY KEY CLUSTERED 
(
	[MAPN] ASC,
	[MAVT] ASC
)WITH (PAD_INDEX = OFF, STATISTICS_NORECOMPUTE = OFF, IGNORE_DUP_KEY = OFF, ALLOW_ROW_LOCKS = ON, ALLOW_PAGE_LOCKS = ON) ON [PRIMARY]
) ON [PRIMARY]
GO
/****** Object:  Table [dbo].[CTPX]    Script Date: 12/20/2020 5:22:13 PM ******/
SET ANSI_NULLS ON
GO
SET QUOTED_IDENTIFIER ON
GO
CREATE TABLE [dbo].[CTPX](
	[MAPX] [nchar](8) NOT NULL,
	[MAVT] [nchar](4) NOT NULL,
	[SOLUONG] [int] NOT NULL,
	[DONGIA] [float] NOT NULL,
	[rowguid] [uniqueidentifier] ROWGUIDCOL  NOT NULL,
 CONSTRAINT [PK_CTPX] PRIMARY KEY CLUSTERED 
(
	[MAPX] ASC,
	[MAVT] ASC
)WITH (PAD_INDEX = OFF, STATISTICS_NORECOMPUTE = OFF, IGNORE_DUP_KEY = OFF, ALLOW_ROW_LOCKS = ON, ALLOW_PAGE_LOCKS = ON) ON [PRIMARY]
) ON [PRIMARY]
GO
/****** Object:  Table [dbo].[DatHang]    Script Date: 12/20/2020 5:22:13 PM ******/
SET ANSI_NULLS ON
GO
SET QUOTED_IDENTIFIER ON
GO
CREATE TABLE [dbo].[DatHang](
	[MasoDDH] [nchar](8) NOT NULL,
	[NGAY] [date] NOT NULL,
	[NhaCC] [nvarchar](100) NOT NULL,
	[MANV] [int] NOT NULL,
	[MAKHO] [nchar](4) NOT NULL,
	[rowguid] [uniqueidentifier] ROWGUIDCOL  NOT NULL,
 CONSTRAINT [PK_DatHang] PRIMARY KEY CLUSTERED 
(
	[MasoDDH] ASC
)WITH (PAD_INDEX = OFF, STATISTICS_NORECOMPUTE = OFF, IGNORE_DUP_KEY = OFF, ALLOW_ROW_LOCKS = ON, ALLOW_PAGE_LOCKS = ON) ON [PRIMARY]
) ON [PRIMARY]
GO
/****** Object:  Table [dbo].[Kho]    Script Date: 12/20/2020 5:22:13 PM ******/
SET ANSI_NULLS ON
GO
SET QUOTED_IDENTIFIER ON
GO
CREATE TABLE [dbo].[Kho](
	[MAKHO] [nchar](4) NOT NULL,
	[TENKHO] [nvarchar](30) NOT NULL,
	[DIACHI] [nvarchar](100) NULL,
	[MACN] [nchar](10) NULL,
	[rowguid] [uniqueidentifier] ROWGUIDCOL  NOT NULL,
 CONSTRAINT [PK_Kho] PRIMARY KEY CLUSTERED 
(
	[MAKHO] ASC
)WITH (PAD_INDEX = OFF, STATISTICS_NORECOMPUTE = OFF, IGNORE_DUP_KEY = OFF, ALLOW_ROW_LOCKS = ON, ALLOW_PAGE_LOCKS = ON) ON [PRIMARY]
) ON [PRIMARY]
GO
/****** Object:  Table [dbo].[NhanVien]    Script Date: 12/20/2020 5:22:13 PM ******/
SET ANSI_NULLS ON
GO
SET QUOTED_IDENTIFIER ON
GO
CREATE TABLE [dbo].[NhanVien](
	[MANV] [int] NOT NULL,
	[HO] [nvarchar](40) NULL,
	[TEN] [nvarchar](10) NULL,
	[DIACHI] [nvarchar](100) NULL,
	[NGAYSINH] [datetime] NULL,
	[LUONG] [float] NULL,
	[MACN] [nchar](10) NULL,
	[rowguid] [uniqueidentifier] ROWGUIDCOL  NOT NULL,
 CONSTRAINT [PK_NhanVien] PRIMARY KEY CLUSTERED 
(
	[MANV] ASC
)WITH (PAD_INDEX = OFF, STATISTICS_NORECOMPUTE = OFF, IGNORE_DUP_KEY = OFF, ALLOW_ROW_LOCKS = ON, ALLOW_PAGE_LOCKS = ON) ON [PRIMARY]
) ON [PRIMARY]
GO
/****** Object:  Table [dbo].[PhieuNhap]    Script Date: 12/20/2020 5:22:13 PM ******/
SET ANSI_NULLS ON
GO
SET QUOTED_IDENTIFIER ON
GO
CREATE TABLE [dbo].[PhieuNhap](
	[MAPN] [nchar](8) NOT NULL,
	[NGAY] [date] NOT NULL,
	[MasoDDH] [nchar](8) NOT NULL,
	[MANV] [int] NOT NULL,
	[MAKHO] [nchar](4) NOT NULL,
	[rowguid] [uniqueidentifier] ROWGUIDCOL  NOT NULL,
 CONSTRAINT [PK_PhieuNhap] PRIMARY KEY CLUSTERED 
(
	[MAPN] ASC
)WITH (PAD_INDEX = OFF, STATISTICS_NORECOMPUTE = OFF, IGNORE_DUP_KEY = OFF, ALLOW_ROW_LOCKS = ON, ALLOW_PAGE_LOCKS = ON) ON [PRIMARY]
) ON [PRIMARY]
GO
/****** Object:  Table [dbo].[PhieuXuat]    Script Date: 12/20/2020 5:22:13 PM ******/
SET ANSI_NULLS ON
GO
SET QUOTED_IDENTIFIER ON
GO
CREATE TABLE [dbo].[PhieuXuat](
	[MAPX] [nchar](8) NOT NULL,
	[NGAY] [date] NOT NULL,
	[HOTENKH] [nvarchar](100) NOT NULL,
	[MANV] [int] NOT NULL,
	[MAKHO] [nchar](4) NOT NULL,
	[rowguid] [uniqueidentifier] ROWGUIDCOL  NOT NULL,
 CONSTRAINT [PK_PX] PRIMARY KEY CLUSTERED 
(
	[MAPX] ASC
)WITH (PAD_INDEX = OFF, STATISTICS_NORECOMPUTE = OFF, IGNORE_DUP_KEY = OFF, ALLOW_ROW_LOCKS = ON, ALLOW_PAGE_LOCKS = ON) ON [PRIMARY]
) ON [PRIMARY]
GO
/****** Object:  Table [dbo].[Vattu]    Script Date: 12/20/2020 5:22:13 PM ******/
SET ANSI_NULLS ON
GO
SET QUOTED_IDENTIFIER ON
GO
CREATE TABLE [dbo].[Vattu](
	[MAVT] [nchar](4) NOT NULL,
	[TENVT] [nvarchar](30) NOT NULL,
	[DVT] [nvarchar](15) NOT NULL,
	[rowguid] [uniqueidentifier] ROWGUIDCOL  NOT NULL,
 CONSTRAINT [PK_VatTu] PRIMARY KEY CLUSTERED 
(
	[MAVT] ASC
)WITH (PAD_INDEX = OFF, STATISTICS_NORECOMPUTE = OFF, IGNORE_DUP_KEY = OFF, ALLOW_ROW_LOCKS = ON, ALLOW_PAGE_LOCKS = ON) ON [PRIMARY]
) ON [PRIMARY]
GO
INSERT [dbo].[ChiNhanh] ([MACN], [ChiNhanh], [DIACHI], [SoDT], [rowguid]) VALUES (N'CN1       ', N'Chi nhánh 1 TP HCM', N'35 Trần Hưng Đạo P1 Q1', N'999111888', N'5ede50db-ac0c-eb11-b5d6-107d1a1cf728')
GO
INSERT [dbo].[ChiNhanh] ([MACN], [ChiNhanh], [DIACHI], [SoDT], [rowguid]) VALUES (N'CN2       ', N'Chi nhánh 2 TP Cần Thơ', N'27 Nguyễn Huệ', N'333222111', N'5fde50db-ac0c-eb11-b5d6-107d1a1cf728')
GO
INSERT [dbo].[CTDDH] ([MasoDDH], [MAVT], [SOLUONG], [DONGIA], [rowguid]) VALUES (N'MDDH01  ', N'IM04', 8, 39000000, N'370d3edc-8c34-eb11-b617-107d1a1cf728')
GO
INSERT [dbo].[CTDDH] ([MasoDDH], [MAVT], [SOLUONG], [DONGIA], [rowguid]) VALUES (N'MDDH01  ', N'IP01', 11, 39990000, N'3a4737bf-ac30-eb11-b610-107d1a1cf728')
GO
INSERT [dbo].[CTDDH] ([MasoDDH], [MAVT], [SOLUONG], [DONGIA], [rowguid]) VALUES (N'MDDH01  ', N'MU06', 7, 300000, N'b1b7c686-e52f-eb11-b610-107d1a1cf728')
GO
INSERT [dbo].[CTDDH] ([MasoDDH], [MAVT], [SOLUONG], [DONGIA], [rowguid]) VALUES (N'MDDH01  ', N'RA02', 20, 2440000, N'26366ea6-de30-eb11-b610-107d1a1cf728')
GO
INSERT [dbo].[CTDDH] ([MasoDDH], [MAVT], [SOLUONG], [DONGIA], [rowguid]) VALUES (N'MDDH01  ', N'TL03', 10, 25960000, N'7cde50db-ac0c-eb11-b5d6-107d1a1cf728')
GO
INSERT [dbo].[CTDDH] ([MasoDDH], [MAVT], [SOLUONG], [DONGIA], [rowguid]) VALUES (N'MDDH02  ', N'MC06', 35, 455000, N'c7396a7d-d636-eb11-b61a-107d1a1cf728')
GO
INSERT [dbo].[CTDDH] ([MasoDDH], [MAVT], [SOLUONG], [DONGIA], [rowguid]) VALUES (N'MDDH02  ', N'ME01', 24, 1330000, N'ec74366d-d636-eb11-b61a-107d1a1cf728')
GO
INSERT [dbo].[CTDDH] ([MasoDDH], [MAVT], [SOLUONG], [DONGIA], [rowguid]) VALUES (N'MDDH02  ', N'MNN3', 18, 2590000, N'ba7dfb07-d736-eb11-b61a-107d1a1cf728')
GO
INSERT [dbo].[CTDDH] ([MasoDDH], [MAVT], [SOLUONG], [DONGIA], [rowguid]) VALUES (N'MDDH02  ', N'MS01', 22, 455000, N'0f6e82c2-a540-eb11-b633-107d1a1cf728')
GO
INSERT [dbo].[CTDDH] ([MasoDDH], [MAVT], [SOLUONG], [DONGIA], [rowguid]) VALUES (N'MDDH02  ', N'SG20', 12, 23990000, N'a46aa9a6-a540-eb11-b633-107d1a1cf728')
GO
INSERT [dbo].[CTDDH] ([MasoDDH], [MAVT], [SOLUONG], [DONGIA], [rowguid]) VALUES (N'MDDH03  ', N'MB14', 20, 13490000, N'0e0d39c1-3437-eb11-b61a-107d1a1cf728')
GO
INSERT [dbo].[CTDDH] ([MasoDDH], [MAVT], [SOLUONG], [DONGIA], [rowguid]) VALUES (N'MDDH03  ', N'MS01', 20, 455000, N'7ede50db-ac0c-eb11-b5d6-107d1a1cf728')
GO
INSERT [dbo].[CTDDH] ([MasoDDH], [MAVT], [SOLUONG], [DONGIA], [rowguid]) VALUES (N'MDDH03  ', N'OC01', 30, 1440000, N'f011615c-3537-eb11-b61a-107d1a1cf728')
GO
INSERT [dbo].[CTDDH] ([MasoDDH], [MAVT], [SOLUONG], [DONGIA], [rowguid]) VALUES (N'MDDH03  ', N'SDP1', 25, 265000, N'3bedbb3e-3537-eb11-b61a-107d1a1cf728')
GO
INSERT [dbo].[CTDDH] ([MasoDDH], [MAVT], [SOLUONG], [DONGIA], [rowguid]) VALUES (N'MDDH03  ', N'SG20', 40, 23990000, N'31430e91-3337-eb11-b61a-107d1a1cf728')
GO
INSERT [dbo].[CTDDH] ([MasoDDH], [MAVT], [SOLUONG], [DONGIA], [rowguid]) VALUES (N'MDDH03  ', N'TN03', 35, 132000, N'd23b1b27-3537-eb11-b61a-107d1a1cf728')
GO
INSERT [dbo].[CTDDH] ([MasoDDH], [MAVT], [SOLUONG], [DONGIA], [rowguid]) VALUES (N'MDDH03  ', N'TV01', 16, 24900000, N'd2aae8da-3137-eb11-b61a-107d1a1cf728')
GO
INSERT [dbo].[CTDDH] ([MasoDDH], [MAVT], [SOLUONG], [DONGIA], [rowguid]) VALUES (N'MDDH04  ', N'CC01', 22, 207000, N'43ce8497-3737-eb11-b61a-107d1a1cf728')
GO
INSERT [dbo].[CTDDH] ([MasoDDH], [MAVT], [SOLUONG], [DONGIA], [rowguid]) VALUES (N'MDDH04  ', N'LB01', 12, 4990000, N'3fb56da9-3737-eb11-b61a-107d1a1cf728')
GO
INSERT [dbo].[CTDDH] ([MasoDDH], [MAVT], [SOLUONG], [DONGIA], [rowguid]) VALUES (N'MDDH04  ', N'LS02', 10, 12990000, N'98fb0ed8-3737-eb11-b61a-107d1a1cf728')
GO
INSERT [dbo].[CTDDH] ([MasoDDH], [MAVT], [SOLUONG], [DONGIA], [rowguid]) VALUES (N'MDDH04  ', N'MQ04', 14, 8890000, N'32b641c7-3737-eb11-b61a-107d1a1cf728')
GO
INSERT [dbo].[CTDDH] ([MasoDDH], [MAVT], [SOLUONG], [DONGIA], [rowguid]) VALUES (N'MDDH04  ', N'TV05', 10, 18400000, N'bcc23f8c-3637-eb11-b61a-107d1a1cf728')
GO
INSERT [dbo].[CTDDH] ([MasoDDH], [MAVT], [SOLUONG], [DONGIA], [rowguid]) VALUES (N'MDDH06  ', N'DG01', 30, 1180000, N'36b2df2a-3937-eb11-b61a-107d1a1cf728')
GO
INSERT [dbo].[CTDDH] ([MasoDDH], [MAVT], [SOLUONG], [DONGIA], [rowguid]) VALUES (N'MDDH06  ', N'DG02', 30, 1250000, N'acc9f936-3937-eb11-b61a-107d1a1cf728')
GO
INSERT [dbo].[CTDDH] ([MasoDDH], [MAVT], [SOLUONG], [DONGIA], [rowguid]) VALUES (N'MDDH07  ', N'OC01', 27, 1380000, N'09f3a1a7-3e37-eb11-b61a-107d1a1cf728')
GO
INSERT [dbo].[CTDDH] ([MasoDDH], [MAVT], [SOLUONG], [DONGIA], [rowguid]) VALUES (N'MDDH07  ', N'SDP1', 30, 240000, N'cf198fbb-3e37-eb11-b61a-107d1a1cf728')
GO
INSERT [dbo].[CTDDH] ([MasoDDH], [MAVT], [SOLUONG], [DONGIA], [rowguid]) VALUES (N'MDDH07  ', N'SG20', 22, 23990000, N'7e94c1cf-3e37-eb11-b61a-107d1a1cf728')
GO
INSERT [dbo].[CTDDH] ([MasoDDH], [MAVT], [SOLUONG], [DONGIA], [rowguid]) VALUES (N'MDDH09  ', N'IC03', 8, 880000, N'25c4f37d-4137-eb11-b61a-107d1a1cf728')
GO
INSERT [dbo].[CTDDH] ([MasoDDH], [MAVT], [SOLUONG], [DONGIA], [rowguid]) VALUES (N'MDDH09  ', N'OC01', 30, 1380000, N'75cba0fb-a540-eb11-b633-107d1a1cf728')
GO
INSERT [dbo].[CTDDH] ([MasoDDH], [MAVT], [SOLUONG], [DONGIA], [rowguid]) VALUES (N'MDDH09  ', N'OC02', 12, 1920000, N'ae586d6b-4137-eb11-b61a-107d1a1cf728')
GO
INSERT [dbo].[CTDDH] ([MasoDDH], [MAVT], [SOLUONG], [DONGIA], [rowguid]) VALUES (N'MDDH09  ', N'RA02', 20, 1440000, N'5cdbae4d-4137-eb11-b61a-107d1a1cf728')
GO
INSERT [dbo].[CTDDH] ([MasoDDH], [MAVT], [SOLUONG], [DONGIA], [rowguid]) VALUES (N'MDDH09  ', N'RA03', 18, 6650000, N'185178f3-4037-eb11-b61a-107d1a1cf728')
GO
INSERT [dbo].[CTDDH] ([MasoDDH], [MAVT], [SOLUONG], [DONGIA], [rowguid]) VALUES (N'MDDH10  ', N'MG09', 20, 13290000, N'cddc160f-4237-eb11-b61a-107d1a1cf728')
GO
INSERT [dbo].[CTDDH] ([MasoDDH], [MAVT], [SOLUONG], [DONGIA], [rowguid]) VALUES (N'MDDH10  ', N'ML07', 12, 16330000, N'78cc802a-4237-eb11-b61a-107d1a1cf728')
GO
INSERT [dbo].[CTDDH] ([MasoDDH], [MAVT], [SOLUONG], [DONGIA], [rowguid]) VALUES (N'MDDH10  ', N'TL03', 10, 25690000, N'4c579440-4237-eb11-b61a-107d1a1cf728')
GO
INSERT [dbo].[CTDDH] ([MasoDDH], [MAVT], [SOLUONG], [DONGIA], [rowguid]) VALUES (N'MDDH12  ', N'MB14', 15, 13500000, N'c0fc032a-9640-eb11-b633-107d1a1cf728')
GO
INSERT [dbo].[CTDDH] ([MasoDDH], [MAVT], [SOLUONG], [DONGIA], [rowguid]) VALUES (N'MDDH12  ', N'MS01', 30, 480000, N'f8d1403e-9640-eb11-b633-107d1a1cf728')
GO
INSERT [dbo].[CTDDH] ([MasoDDH], [MAVT], [SOLUONG], [DONGIA], [rowguid]) VALUES (N'MDDH12  ', N'OC01', 25, 1440000, N'a339e367-9640-eb11-b633-107d1a1cf728')
GO
INSERT [dbo].[CTDDH] ([MasoDDH], [MAVT], [SOLUONG], [DONGIA], [rowguid]) VALUES (N'MDDH12  ', N'SDP1', 50, 265000, N'7c1cc096-9640-eb11-b633-107d1a1cf728')
GO
INSERT [dbo].[CTDDH] ([MasoDDH], [MAVT], [SOLUONG], [DONGIA], [rowguid]) VALUES (N'MDDH12  ', N'SG20', 10, 24000000, N'c5cb717f-9540-eb11-b633-107d1a1cf728')
GO
INSERT [dbo].[CTDDH] ([MasoDDH], [MAVT], [SOLUONG], [DONGIA], [rowguid]) VALUES (N'MDDH12  ', N'TV01', 22, 24900000, N'0a8cb37d-9640-eb11-b633-107d1a1cf728')
GO
INSERT [dbo].[CTDDH] ([MasoDDH], [MAVT], [SOLUONG], [DONGIA], [rowguid]) VALUES (N'MDDH13  ', N'CC01', 50, 200000, N'665ca8e5-9640-eb11-b633-107d1a1cf728')
GO
INSERT [dbo].[CTDDH] ([MasoDDH], [MAVT], [SOLUONG], [DONGIA], [rowguid]) VALUES (N'MDDH13  ', N'LB01', 30, 4100000, N'3702d8d4-9740-eb11-b633-107d1a1cf728')
GO
INSERT [dbo].[CTDDH] ([MasoDDH], [MAVT], [SOLUONG], [DONGIA], [rowguid]) VALUES (N'MDDH13  ', N'LB08', 35, 2690000, N'aca84a37-9740-eb11-b633-107d1a1cf728')
GO
INSERT [dbo].[CTDDH] ([MasoDDH], [MAVT], [SOLUONG], [DONGIA], [rowguid]) VALUES (N'MDDH13  ', N'LS02', 20, 12990000, N'4df2405a-9740-eb11-b633-107d1a1cf728')
GO
INSERT [dbo].[CTDDH] ([MasoDDH], [MAVT], [SOLUONG], [DONGIA], [rowguid]) VALUES (N'MDDH13  ', N'LV12', 20, 4999000, N'3a2ee216-9740-eb11-b633-107d1a1cf728')
GO
INSERT [dbo].[CTDDH] ([MasoDDH], [MAVT], [SOLUONG], [DONGIA], [rowguid]) VALUES (N'MDDH13  ', N'MQ04', 26, 8890000, N'f739fc4c-9740-eb11-b633-107d1a1cf728')
GO
INSERT [dbo].[CTDDH] ([MasoDDH], [MAVT], [SOLUONG], [DONGIA], [rowguid]) VALUES (N'MDDH13  ', N'MU06', 22, 300000, N'd3552287-9740-eb11-b633-107d1a1cf728')
GO
INSERT [dbo].[CTDDH] ([MasoDDH], [MAVT], [SOLUONG], [DONGIA], [rowguid]) VALUES (N'MDDH14  ', N'BP01', 30, 1120000, N'0c2495eb-9a40-eb11-b633-107d1a1cf728')
GO
INSERT [dbo].[CTDDH] ([MasoDDH], [MAVT], [SOLUONG], [DONGIA], [rowguid]) VALUES (N'MDDH14  ', N'BP03', 30, 990000, N'8d30e240-9b40-eb11-b633-107d1a1cf728')
GO
INSERT [dbo].[CTDDH] ([MasoDDH], [MAVT], [SOLUONG], [DONGIA], [rowguid]) VALUES (N'MDDH14  ', N'CH01', 20, 2310000, N'7b8e665c-9b40-eb11-b633-107d1a1cf728')
GO
INSERT [dbo].[CTDDH] ([MasoDDH], [MAVT], [SOLUONG], [DONGIA], [rowguid]) VALUES (N'MDDH14  ', N'CR01', 22, 320000, N'c73e3081-9b40-eb11-b633-107d1a1cf728')
GO
INSERT [dbo].[CTDDH] ([MasoDDH], [MAVT], [SOLUONG], [DONGIA], [rowguid]) VALUES (N'MDDH14  ', N'MSF1', 10, 49000000, N'a4dd18c2-9b40-eb11-b633-107d1a1cf728')
GO
INSERT [dbo].[CTDDH] ([MasoDDH], [MAVT], [SOLUONG], [DONGIA], [rowguid]) VALUES (N'MDDH14  ', N'MSF2', 10, 30000000, N'6187fdd2-9b40-eb11-b633-107d1a1cf728')
GO
INSERT [dbo].[CTDDH] ([MasoDDH], [MAVT], [SOLUONG], [DONGIA], [rowguid]) VALUES (N'MDDH14  ', N'RA05', 20, 8600000, N'48bdd660-9c40-eb11-b633-107d1a1cf728')
GO
INSERT [dbo].[CTDDH] ([MasoDDH], [MAVT], [SOLUONG], [DONGIA], [rowguid]) VALUES (N'MDDH14  ', N'UB02', 30, 1390000, N'cc491687-9c40-eb11-b633-107d1a1cf728')
GO
INSERT [dbo].[CTDDH] ([MasoDDH], [MAVT], [SOLUONG], [DONGIA], [rowguid]) VALUES (N'MDDH19  ', N'CH01', 15, 2310000, N'a704979a-a640-eb11-b633-107d1a1cf728')
GO
INSERT [dbo].[CTDDH] ([MasoDDH], [MAVT], [SOLUONG], [DONGIA], [rowguid]) VALUES (N'MDDH19  ', N'CO04', 20, 420000, N'2e5061c1-d436-eb11-b61a-107d1a1cf728')
GO
INSERT [dbo].[CTDDH] ([MasoDDH], [MAVT], [SOLUONG], [DONGIA], [rowguid]) VALUES (N'MDDH19  ', N'FG02', 50, 856000, N'3cb811db-d436-eb11-b61a-107d1a1cf728')
GO
INSERT [dbo].[CTDDH] ([MasoDDH], [MAVT], [SOLUONG], [DONGIA], [rowguid]) VALUES (N'MDDH20  ', N'DL02', 12, 17990000, N'c09afc23-df36-eb11-b61a-107d1a1cf728')
GO
INSERT [dbo].[CTDDH] ([MasoDDH], [MAVT], [SOLUONG], [DONGIA], [rowguid]) VALUES (N'MDDH20  ', N'DL03', 8, 21450000, N'ef4fb812-df36-eb11-b61a-107d1a1cf728')
GO
INSERT [dbo].[CTDDH] ([MasoDDH], [MAVT], [SOLUONG], [DONGIA], [rowguid]) VALUES (N'MDDH21  ', N'RA02', 2, 2440000, N'd50c0520-3736-eb11-b619-107d1a1cf728')
GO
INSERT [dbo].[CTDDH] ([MasoDDH], [MAVT], [SOLUONG], [DONGIA], [rowguid]) VALUES (N'MDDH21  ', N'VS01', 12, 9990000, N'c2431966-3237-eb11-b61a-107d1a1cf728')
GO
INSERT [dbo].[CTDDH] ([MasoDDH], [MAVT], [SOLUONG], [DONGIA], [rowguid]) VALUES (N'MDDH22  ', N'DL02', 10, 17990000, N'a904ac47-cf36-eb11-b61a-107d1a1cf728')
GO
INSERT [dbo].[CTDDH] ([MasoDDH], [MAVT], [SOLUONG], [DONGIA], [rowguid]) VALUES (N'MDDH22  ', N'DL03', 15, 21450000, N'a26f7866-cf36-eb11-b61a-107d1a1cf728')
GO
INSERT [dbo].[CTDDH] ([MasoDDH], [MAVT], [SOLUONG], [DONGIA], [rowguid]) VALUES (N'MDDH22  ', N'RA05', 10, 860000, N'63acaaeb-9c40-eb11-b633-107d1a1cf728')
GO
INSERT [dbo].[CTDDH] ([MasoDDH], [MAVT], [SOLUONG], [DONGIA], [rowguid]) VALUES (N'MDDH23  ', N'AP01', 20, 5250000, N'064df1e4-d136-eb11-b61a-107d1a1cf728')
GO
INSERT [dbo].[CTDDH] ([MasoDDH], [MAVT], [SOLUONG], [DONGIA], [rowguid]) VALUES (N'MDDH23  ', N'IM04', 10, 29990000, N'c1cde8c7-d136-eb11-b61a-107d1a1cf728')
GO
INSERT [dbo].[CTDDH] ([MasoDDH], [MAVT], [SOLUONG], [DONGIA], [rowguid]) VALUES (N'MDDH23  ', N'IP01', 30, 39990000, N'dc45bb0a-d236-eb11-b61a-107d1a1cf728')
GO
INSERT [dbo].[CTDDH] ([MasoDDH], [MAVT], [SOLUONG], [DONGIA], [rowguid]) VALUES (N'MDDH23  ', N'MB01', 15, 45990000, N'34e60f45-d236-eb11-b61a-107d1a1cf728')
GO
INSERT [dbo].[CTDDH] ([MasoDDH], [MAVT], [SOLUONG], [DONGIA], [rowguid]) VALUES (N'MDDH24  ', N'MG09', 12, 13290000, N'ca555923-d336-eb11-b61a-107d1a1cf728')
GO
INSERT [dbo].[CTDDH] ([MasoDDH], [MAVT], [SOLUONG], [DONGIA], [rowguid]) VALUES (N'MDDH24  ', N'ML07', 15, 16330000, N'b965317a-d336-eb11-b61a-107d1a1cf728')
GO
INSERT [dbo].[CTDDH] ([MasoDDH], [MAVT], [SOLUONG], [DONGIA], [rowguid]) VALUES (N'MDDH24  ', N'TL03', 25, 25690000, N'16af1f41-d336-eb11-b61a-107d1a1cf728')
GO
INSERT [dbo].[CTDDH] ([MasoDDH], [MAVT], [SOLUONG], [DONGIA], [rowguid]) VALUES (N'MDDH25  ', N'RA02', 4, 1050000, N'fce0cde4-df36-eb11-b61a-107d1a1cf728')
GO
INSERT [dbo].[CTDDH] ([MasoDDH], [MAVT], [SOLUONG], [DONGIA], [rowguid]) VALUES (N'MDDH26  ', N'AP01', 25, 5200000, N'10836604-9d40-eb11-b633-107d1a1cf728')
GO
INSERT [dbo].[CTDDH] ([MasoDDH], [MAVT], [SOLUONG], [DONGIA], [rowguid]) VALUES (N'MDDH26  ', N'IM04', 10, 29990000, N'12bcaa20-9d40-eb11-b633-107d1a1cf728')
GO
INSERT [dbo].[CTDDH] ([MasoDDH], [MAVT], [SOLUONG], [DONGIA], [rowguid]) VALUES (N'MDDH26  ', N'IP01', 40, 39000000, N'fcf6f630-9d40-eb11-b633-107d1a1cf728')
GO
INSERT [dbo].[CTDDH] ([MasoDDH], [MAVT], [SOLUONG], [DONGIA], [rowguid]) VALUES (N'MDDH26  ', N'MB01', 15, 45990000, N'b2345a40-9d40-eb11-b633-107d1a1cf728')
GO
INSERT [dbo].[CTDDH] ([MasoDDH], [MAVT], [SOLUONG], [DONGIA], [rowguid]) VALUES (N'MDDH27  ', N'MB14', 22, 13500000, N'1bc56c87-9d40-eb11-b633-107d1a1cf728')
GO
INSERT [dbo].[CTDDH] ([MasoDDH], [MAVT], [SOLUONG], [DONGIA], [rowguid]) VALUES (N'MDDH27  ', N'OC01', 50, 1440000, N'e1cb14aa-9d40-eb11-b633-107d1a1cf728')
GO
INSERT [dbo].[CTDDH] ([MasoDDH], [MAVT], [SOLUONG], [DONGIA], [rowguid]) VALUES (N'MDDH27  ', N'OC02', 40, 1920000, N'4b4062b9-9d40-eb11-b633-107d1a1cf728')
GO
INSERT [dbo].[CTDDH] ([MasoDDH], [MAVT], [SOLUONG], [DONGIA], [rowguid]) VALUES (N'MDDH27  ', N'SDP1', 25, 260000, N'841a51c6-9d40-eb11-b633-107d1a1cf728')
GO
INSERT [dbo].[CTDDH] ([MasoDDH], [MAVT], [SOLUONG], [DONGIA], [rowguid]) VALUES (N'MDDH27  ', N'SG20', 26, 24000000, N'87cc2a75-9d40-eb11-b633-107d1a1cf728')
GO
INSERT [dbo].[CTDDH] ([MasoDDH], [MAVT], [SOLUONG], [DONGIA], [rowguid]) VALUES (N'MDDH27  ', N'TN03', 20, 130000, N'6c7d06e8-9d40-eb11-b633-107d1a1cf728')
GO
INSERT [dbo].[CTDDH] ([MasoDDH], [MAVT], [SOLUONG], [DONGIA], [rowguid]) VALUES (N'MDDH27  ', N'TV01', 10, 24900000, N'c77714d3-9d40-eb11-b633-107d1a1cf728')
GO
INSERT [dbo].[CTDDH] ([MasoDDH], [MAVT], [SOLUONG], [DONGIA], [rowguid]) VALUES (N'MDDH28  ', N'CC01', 30, 200000, N'5af97559-9e40-eb11-b633-107d1a1cf728')
GO
INSERT [dbo].[CTDDH] ([MasoDDH], [MAVT], [SOLUONG], [DONGIA], [rowguid]) VALUES (N'MDDH28  ', N'LB01', 28, 4100000, N'973ccd0f-9e40-eb11-b633-107d1a1cf728')
GO
INSERT [dbo].[CTDDH] ([MasoDDH], [MAVT], [SOLUONG], [DONGIA], [rowguid]) VALUES (N'MDDH28  ', N'LB08', 28, 2690000, N'8eed421d-9e40-eb11-b633-107d1a1cf728')
GO
INSERT [dbo].[CTDDH] ([MasoDDH], [MAVT], [SOLUONG], [DONGIA], [rowguid]) VALUES (N'MDDH28  ', N'LS02', 16, 12990000, N'd1133c45-9e40-eb11-b633-107d1a1cf728')
GO
INSERT [dbo].[CTDDH] ([MasoDDH], [MAVT], [SOLUONG], [DONGIA], [rowguid]) VALUES (N'MDDH28  ', N'LV12', 32, 4990000, N'05c3bf32-9e40-eb11-b633-107d1a1cf728')
GO
INSERT [dbo].[CTDDH] ([MasoDDH], [MAVT], [SOLUONG], [DONGIA], [rowguid]) VALUES (N'MDDH28  ', N'MQ04', 13, 8890000, N'1c87ff62-9e40-eb11-b633-107d1a1cf728')
GO
INSERT [dbo].[CTDDH] ([MasoDDH], [MAVT], [SOLUONG], [DONGIA], [rowguid]) VALUES (N'MDDH28  ', N'SDP1', 10, 260000, N'a54c5ac1-a640-eb11-b633-107d1a1cf728')
GO
INSERT [dbo].[CTDDH] ([MasoDDH], [MAVT], [SOLUONG], [DONGIA], [rowguid]) VALUES (N'MDDH30  ', N'MG09', 24, 13290000, N'8c20d0eb-a640-eb11-b633-107d1a1cf728')
GO
INSERT [dbo].[CTDDH] ([MasoDDH], [MAVT], [SOLUONG], [DONGIA], [rowguid]) VALUES (N'MDDH30  ', N'ML07', 24, 16330000, N'4162f608-a740-eb11-b633-107d1a1cf728')
GO
INSERT [dbo].[CTDDH] ([MasoDDH], [MAVT], [SOLUONG], [DONGIA], [rowguid]) VALUES (N'MDDH30  ', N'TL03', 24, 25690000, N'bdd6a6f9-a640-eb11-b633-107d1a1cf728')
GO
INSERT [dbo].[CTDDH] ([MasoDDH], [MAVT], [SOLUONG], [DONGIA], [rowguid]) VALUES (N'MDDH31  ', N'BP01', 24, 1120000, N'7a01c773-a240-eb11-b633-107d1a1cf728')
GO
INSERT [dbo].[CTDDH] ([MasoDDH], [MAVT], [SOLUONG], [DONGIA], [rowguid]) VALUES (N'MDDH31  ', N'BP03', 24, 990000, N'7b01c773-a240-eb11-b633-107d1a1cf728')
GO
INSERT [dbo].[CTDDH] ([MasoDDH], [MAVT], [SOLUONG], [DONGIA], [rowguid]) VALUES (N'MDDH31  ', N'CH01', 30, 2310000, N'c036696a-a240-eb11-b633-107d1a1cf728')
GO
INSERT [dbo].[CTDDH] ([MasoDDH], [MAVT], [SOLUONG], [DONGIA], [rowguid]) VALUES (N'MDDH31  ', N'CR01', 20, 320000, N'0aad125c-a240-eb11-b633-107d1a1cf728')
GO
INSERT [dbo].[CTDDH] ([MasoDDH], [MAVT], [SOLUONG], [DONGIA], [rowguid]) VALUES (N'MDDH31  ', N'MSF1', 10, 49000000, N'db6ef83f-a240-eb11-b633-107d1a1cf728')
GO
INSERT [dbo].[CTDDH] ([MasoDDH], [MAVT], [SOLUONG], [DONGIA], [rowguid]) VALUES (N'MDDH31  ', N'MSF2', 10, 30000000, N'15a79d47-a240-eb11-b633-107d1a1cf728')
GO
INSERT [dbo].[CTDDH] ([MasoDDH], [MAVT], [SOLUONG], [DONGIA], [rowguid]) VALUES (N'MDDH31  ', N'RA01', 22, 3590000, N'31ce9514-a240-eb11-b633-107d1a1cf728')
GO
INSERT [dbo].[CTDDH] ([MasoDDH], [MAVT], [SOLUONG], [DONGIA], [rowguid]) VALUES (N'MDDH31  ', N'RA05', 15, 8600000, N'7c50cc25-a240-eb11-b633-107d1a1cf728')
GO
INSERT [dbo].[CTDDH] ([MasoDDH], [MAVT], [SOLUONG], [DONGIA], [rowguid]) VALUES (N'MDDH31  ', N'UB02', 35, 1390000, N'0806e832-a240-eb11-b633-107d1a1cf728')
GO
INSERT [dbo].[CTDDH] ([MasoDDH], [MAVT], [SOLUONG], [DONGIA], [rowguid]) VALUES (N'MDDH33  ', N'BP01', 20, 1120000, N'3d1466aa-a240-eb11-b633-107d1a1cf728')
GO
INSERT [dbo].[CTDDH] ([MasoDDH], [MAVT], [SOLUONG], [DONGIA], [rowguid]) VALUES (N'MDDH33  ', N'BP03', 20, 990000, N'136d22ba-a240-eb11-b633-107d1a1cf728')
GO
INSERT [dbo].[CTDDH] ([MasoDDH], [MAVT], [SOLUONG], [DONGIA], [rowguid]) VALUES (N'MDDH33  ', N'CH01', 22, 2310000, N'0e6a7596-a240-eb11-b633-107d1a1cf728')
GO
INSERT [dbo].[CTDDH] ([MasoDDH], [MAVT], [SOLUONG], [DONGIA], [rowguid]) VALUES (N'MDDH33  ', N'CR01', 18, 320000, N'04362a9f-a240-eb11-b633-107d1a1cf728')
GO
INSERT [dbo].[CTDDH] ([MasoDDH], [MAVT], [SOLUONG], [DONGIA], [rowguid]) VALUES (N'MDDH33  ', N'MSF1', 14, 49000000, N'd878f3df-a240-eb11-b633-107d1a1cf728')
GO
INSERT [dbo].[CTDDH] ([MasoDDH], [MAVT], [SOLUONG], [DONGIA], [rowguid]) VALUES (N'MDDH33  ', N'MSF2', 14, 30000000, N'd978f3df-a240-eb11-b633-107d1a1cf728')
GO
INSERT [dbo].[CTDDH] ([MasoDDH], [MAVT], [SOLUONG], [DONGIA], [rowguid]) VALUES (N'MDDH33  ', N'RA01', 14, 3590000, N'1baedd04-a340-eb11-b633-107d1a1cf728')
GO
INSERT [dbo].[CTDDH] ([MasoDDH], [MAVT], [SOLUONG], [DONGIA], [rowguid]) VALUES (N'MDDH33  ', N'RA05', 14, 8600000, N'e27263f8-a240-eb11-b633-107d1a1cf728')
GO
INSERT [dbo].[CTDDH] ([MasoDDH], [MAVT], [SOLUONG], [DONGIA], [rowguid]) VALUES (N'MDDH33  ', N'UB02', 20, 1390000, N'100d08cc-a240-eb11-b633-107d1a1cf728')
GO
INSERT [dbo].[CTDDH] ([MasoDDH], [MAVT], [SOLUONG], [DONGIA], [rowguid]) VALUES (N'MDDH34  ', N'MB14', 20, 13500000, N'04f7f129-a040-eb11-b633-107d1a1cf728')
GO
INSERT [dbo].[CTDDH] ([MasoDDH], [MAVT], [SOLUONG], [DONGIA], [rowguid]) VALUES (N'MDDH34  ', N'OC01', 20, 1440000, N'15838840-a040-eb11-b633-107d1a1cf728')
GO
INSERT [dbo].[CTDDH] ([MasoDDH], [MAVT], [SOLUONG], [DONGIA], [rowguid]) VALUES (N'MDDH34  ', N'OC02', 20, 1920000, N'f67b4a37-a040-eb11-b633-107d1a1cf728')
GO
INSERT [dbo].[CTDDH] ([MasoDDH], [MAVT], [SOLUONG], [DONGIA], [rowguid]) VALUES (N'MDDH34  ', N'SDP1', 18, 260000, N'97031c5e-a040-eb11-b633-107d1a1cf728')
GO
INSERT [dbo].[CTDDH] ([MasoDDH], [MAVT], [SOLUONG], [DONGIA], [rowguid]) VALUES (N'MDDH34  ', N'SG20', 10, 24000000, N'1da4b44f-a040-eb11-b633-107d1a1cf728')
GO
INSERT [dbo].[CTDDH] ([MasoDDH], [MAVT], [SOLUONG], [DONGIA], [rowguid]) VALUES (N'MDDH34  ', N'TN03', 18, 130000, N'8b494269-a040-eb11-b633-107d1a1cf728')
GO
INSERT [dbo].[CTDDH] ([MasoDDH], [MAVT], [SOLUONG], [DONGIA], [rowguid]) VALUES (N'MDDH34  ', N'TV01', 5, 24900000, N'62b11b79-a040-eb11-b633-107d1a1cf728')
GO
INSERT [dbo].[CTDDH] ([MasoDDH], [MAVT], [SOLUONG], [DONGIA], [rowguid]) VALUES (N'MDDH35  ', N'MG09', 7, 13290000, N'7b1ba62f-a740-eb11-b633-107d1a1cf728')
GO
INSERT [dbo].[CTDDH] ([MasoDDH], [MAVT], [SOLUONG], [DONGIA], [rowguid]) VALUES (N'MDDH35  ', N'ML07', 16, 16330000, N'bc653e18-a740-eb11-b633-107d1a1cf728')
GO
INSERT [dbo].[CTDDH] ([MasoDDH], [MAVT], [SOLUONG], [DONGIA], [rowguid]) VALUES (N'MDDH35  ', N'TL03', 18, 25690000, N'81134423-a740-eb11-b633-107d1a1cf728')
GO
INSERT [dbo].[CTDDH] ([MasoDDH], [MAVT], [SOLUONG], [DONGIA], [rowguid]) VALUES (N'MDDH38  ', N'DL02', 30, 17990000, N'a0899a58-a540-eb11-b633-107d1a1cf728')
GO
INSERT [dbo].[CTDDH] ([MasoDDH], [MAVT], [SOLUONG], [DONGIA], [rowguid]) VALUES (N'MDDH38  ', N'DL03', 30, 21450000, N'53e73967-a540-eb11-b633-107d1a1cf728')
GO
INSERT [dbo].[CTDDH] ([MasoDDH], [MAVT], [SOLUONG], [DONGIA], [rowguid]) VALUES (N'MDDH42  ', N'BP01', 8, 1120000, N'e799c7b7-a440-eb11-b633-107d1a1cf728')
GO
INSERT [dbo].[CTDDH] ([MasoDDH], [MAVT], [SOLUONG], [DONGIA], [rowguid]) VALUES (N'MDDH42  ', N'BP03', 8, 990000, N'e899c7b7-a440-eb11-b633-107d1a1cf728')
GO
INSERT [dbo].[CTDDH] ([MasoDDH], [MAVT], [SOLUONG], [DONGIA], [rowguid]) VALUES (N'MDDH42  ', N'CH01', 9, 2310000, N'e38244cf-a440-eb11-b633-107d1a1cf728')
GO
INSERT [dbo].[CTDDH] ([MasoDDH], [MAVT], [SOLUONG], [DONGIA], [rowguid]) VALUES (N'MDDH42  ', N'CR01', 9, 320000, N'e48244cf-a440-eb11-b633-107d1a1cf728')
GO
INSERT [dbo].[CTDDH] ([MasoDDH], [MAVT], [SOLUONG], [DONGIA], [rowguid]) VALUES (N'MDDH42  ', N'MSF1', 10, 49000000, N'c93acbf2-a340-eb11-b633-107d1a1cf728')
GO
INSERT [dbo].[CTDDH] ([MasoDDH], [MAVT], [SOLUONG], [DONGIA], [rowguid]) VALUES (N'MDDH42  ', N'MSF2', 10, 30000000, N'c531f6fa-a340-eb11-b633-107d1a1cf728')
GO
INSERT [dbo].[CTDDH] ([MasoDDH], [MAVT], [SOLUONG], [DONGIA], [rowguid]) VALUES (N'MDDH42  ', N'RA01', 12, 3590000, N'21cc7b9b-a440-eb11-b633-107d1a1cf728')
GO
INSERT [dbo].[CTDDH] ([MasoDDH], [MAVT], [SOLUONG], [DONGIA], [rowguid]) VALUES (N'MDDH42  ', N'RA05', 12, 8600000, N'59004c93-a440-eb11-b633-107d1a1cf728')
GO
INSERT [dbo].[CTDDH] ([MasoDDH], [MAVT], [SOLUONG], [DONGIA], [rowguid]) VALUES (N'MDDH42  ', N'UB02', 15, 1390000, N'de663aab-a440-eb11-b633-107d1a1cf728')
GO
INSERT [dbo].[CTDDH] ([MasoDDH], [MAVT], [SOLUONG], [DONGIA], [rowguid]) VALUES (N'MDDH43  ', N'CO04', 20, 420000, N'1469cf87-a140-eb11-b633-107d1a1cf728')
GO
INSERT [dbo].[CTDDH] ([MasoDDH], [MAVT], [SOLUONG], [DONGIA], [rowguid]) VALUES (N'MDDH43  ', N'FG02', 40, 856000, N'e58b848e-a140-eb11-b633-107d1a1cf728')
GO
INSERT [dbo].[CTDDH] ([MasoDDH], [MAVT], [SOLUONG], [DONGIA], [rowguid]) VALUES (N'MDDH48  ', N'IC03', 25, 880000, N'51df9465-a140-eb11-b633-107d1a1cf728')
GO
INSERT [dbo].[CTDDH] ([MasoDDH], [MAVT], [SOLUONG], [DONGIA], [rowguid]) VALUES (N'MDDH48  ', N'OC02', 30, 1920000, N'b2e1185c-a140-eb11-b633-107d1a1cf728')
GO
INSERT [dbo].[CTDDH] ([MasoDDH], [MAVT], [SOLUONG], [DONGIA], [rowguid]) VALUES (N'MDDH48  ', N'RA02', 40, 1440000, N'45bd5443-a140-eb11-b633-107d1a1cf728')
GO
INSERT [dbo].[CTDDH] ([MasoDDH], [MAVT], [SOLUONG], [DONGIA], [rowguid]) VALUES (N'MDDH48  ', N'RA03', 40, 6650000, N'cff9ad4e-a140-eb11-b633-107d1a1cf728')
GO
INSERT [dbo].[CTDDH] ([MasoDDH], [MAVT], [SOLUONG], [DONGIA], [rowguid]) VALUES (N'MDDH49  ', N'AP01', 20, 5200000, N'4e11020f-a140-eb11-b633-107d1a1cf728')
GO
INSERT [dbo].[CTDDH] ([MasoDDH], [MAVT], [SOLUONG], [DONGIA], [rowguid]) VALUES (N'MDDH49  ', N'IM04', 10, 29990000, N'c7ff9300-a140-eb11-b633-107d1a1cf728')
GO
INSERT [dbo].[CTDDH] ([MasoDDH], [MAVT], [SOLUONG], [DONGIA], [rowguid]) VALUES (N'MDDH49  ', N'IP01', 33, 39000000, N'190fadf0-a040-eb11-b633-107d1a1cf728')
GO
INSERT [dbo].[CTDDH] ([MasoDDH], [MAVT], [SOLUONG], [DONGIA], [rowguid]) VALUES (N'MDDH49  ', N'MB01', 35, 45990000, N'88f3f120-a140-eb11-b633-107d1a1cf728')
GO
INSERT [dbo].[CTDDH] ([MasoDDH], [MAVT], [SOLUONG], [DONGIA], [rowguid]) VALUES (N'MDDH51  ', N'MC06', 60, 455000, N'9b65aeb1-a040-eb11-b633-107d1a1cf728')
GO
INSERT [dbo].[CTDDH] ([MasoDDH], [MAVT], [SOLUONG], [DONGIA], [rowguid]) VALUES (N'MDDH51  ', N'ME01', 28, 1330000, N'330ee8bb-a040-eb11-b633-107d1a1cf728')
GO
INSERT [dbo].[CTDDH] ([MasoDDH], [MAVT], [SOLUONG], [DONGIA], [rowguid]) VALUES (N'MDDH51  ', N'MNN3', 30, 2590000, N'a006cec6-a040-eb11-b633-107d1a1cf728')
GO
INSERT [dbo].[CTDDH] ([MasoDDH], [MAVT], [SOLUONG], [DONGIA], [rowguid]) VALUES (N'MDDH55  ', N'CC01', 32, 200000, N'32551e01-9f40-eb11-b633-107d1a1cf728')
GO
INSERT [dbo].[CTDDH] ([MasoDDH], [MAVT], [SOLUONG], [DONGIA], [rowguid]) VALUES (N'MDDH55  ', N'LB01', 23, 4100000, N'b2a40ff1-9e40-eb11-b633-107d1a1cf728')
GO
INSERT [dbo].[CTDDH] ([MasoDDH], [MAVT], [SOLUONG], [DONGIA], [rowguid]) VALUES (N'MDDH55  ', N'LB08', 23, 2690000, N'2ff4d1e3-9e40-eb11-b633-107d1a1cf728')
GO
INSERT [dbo].[CTDDH] ([MasoDDH], [MAVT], [SOLUONG], [DONGIA], [rowguid]) VALUES (N'MDDH55  ', N'LS02', 17, 12990000, N'566ad61c-9f40-eb11-b633-107d1a1cf728')
GO
INSERT [dbo].[CTDDH] ([MasoDDH], [MAVT], [SOLUONG], [DONGIA], [rowguid]) VALUES (N'MDDH55  ', N'LV12', 15, 4990000, N'bfaabbd6-9e40-eb11-b633-107d1a1cf728')
GO
INSERT [dbo].[CTDDH] ([MasoDDH], [MAVT], [SOLUONG], [DONGIA], [rowguid]) VALUES (N'MDDH55  ', N'MQ04', 10, 8890000, N'b60beb0e-9f40-eb11-b633-107d1a1cf728')
GO
INSERT [dbo].[CTDDH] ([MasoDDH], [MAVT], [SOLUONG], [DONGIA], [rowguid]) VALUES (N'MDDH55  ', N'PS4P', 30, 8990000, N'947daec6-9e40-eb11-b633-107d1a1cf728')
GO
INSERT [dbo].[CTDDH] ([MasoDDH], [MAVT], [SOLUONG], [DONGIA], [rowguid]) VALUES (N'MDDH55  ', N'PS5D', 40, 27990000, N'afcfe074-9840-eb11-b633-107d1a1cf728')
GO
INSERT [dbo].[CTDDH] ([MasoDDH], [MAVT], [SOLUONG], [DONGIA], [rowguid]) VALUES (N'MDDH56  ', N'MB14', 22, 13500000, N'8804756b-9f40-eb11-b633-107d1a1cf728')
GO
INSERT [dbo].[CTDDH] ([MasoDDH], [MAVT], [SOLUONG], [DONGIA], [rowguid]) VALUES (N'MDDH56  ', N'OC01', 20, 1440000, N'85ffab43-9f40-eb11-b633-107d1a1cf728')
GO
INSERT [dbo].[CTDDH] ([MasoDDH], [MAVT], [SOLUONG], [DONGIA], [rowguid]) VALUES (N'MDDH56  ', N'OC02', 20, 1920000, N'e020dd4f-9f40-eb11-b633-107d1a1cf728')
GO
INSERT [dbo].[CTDDH] ([MasoDDH], [MAVT], [SOLUONG], [DONGIA], [rowguid]) VALUES (N'MDDH56  ', N'SDP1', 21, 260000, N'34e170a5-9f40-eb11-b633-107d1a1cf728')
GO
INSERT [dbo].[CTDDH] ([MasoDDH], [MAVT], [SOLUONG], [DONGIA], [rowguid]) VALUES (N'MDDH56  ', N'SG20', 25, 24000000, N'ecb0c65c-9f40-eb11-b633-107d1a1cf728')
GO
INSERT [dbo].[CTDDH] ([MasoDDH], [MAVT], [SOLUONG], [DONGIA], [rowguid]) VALUES (N'MDDH56  ', N'TN03', 18, 130000, N'6c018b94-9f40-eb11-b633-107d1a1cf728')
GO
INSERT [dbo].[CTDDH] ([MasoDDH], [MAVT], [SOLUONG], [DONGIA], [rowguid]) VALUES (N'MDDH56  ', N'TV01', 8, 24900000, N'db0edc80-9f40-eb11-b633-107d1a1cf728')
GO
INSERT [dbo].[CTPN] ([MAPN], [MAVT], [SOLUONG], [DONGIA], [rowguid]) VALUES (N'PN01    ', N'IM04', 8, 39000000, N'ccaab42b-2637-eb11-b61a-107d1a1cf728')
GO
INSERT [dbo].[CTPN] ([MAPN], [MAVT], [SOLUONG], [DONGIA], [rowguid]) VALUES (N'PN01    ', N'IP01', 11, 39990000, N'34aefcab-ac40-eb11-b633-107d1a1cf728')
GO
INSERT [dbo].[CTPN] ([MAPN], [MAVT], [SOLUONG], [DONGIA], [rowguid]) VALUES (N'PN01    ', N'MU06', 7, 300000, N'f00f80b7-ac40-eb11-b633-107d1a1cf728')
GO
INSERT [dbo].[CTPN] ([MAPN], [MAVT], [SOLUONG], [DONGIA], [rowguid]) VALUES (N'PN01    ', N'RA02', 20, 2440000, N'03754e09-1b37-eb11-b61a-107d1a1cf728')
GO
INSERT [dbo].[CTPN] ([MAPN], [MAVT], [SOLUONG], [DONGIA], [rowguid]) VALUES (N'PN01    ', N'TL03', 10, 25960000, N'd36c18b6-1937-eb11-b61a-107d1a1cf728')
GO
INSERT [dbo].[CTPN] ([MAPN], [MAVT], [SOLUONG], [DONGIA], [rowguid]) VALUES (N'PN02    ', N'MC06', 35, 455000, N'7c227090-1c41-eb11-b634-107d1a1cf728')
GO
INSERT [dbo].[CTPN] ([MAPN], [MAVT], [SOLUONG], [DONGIA], [rowguid]) VALUES (N'PN02    ', N'ME01', 24, 1330000, N'7d227090-1c41-eb11-b634-107d1a1cf728')
GO
INSERT [dbo].[CTPN] ([MAPN], [MAVT], [SOLUONG], [DONGIA], [rowguid]) VALUES (N'PN02    ', N'MNN3', 18, 2590000, N'7e227090-1c41-eb11-b634-107d1a1cf728')
GO
INSERT [dbo].[CTPN] ([MAPN], [MAVT], [SOLUONG], [DONGIA], [rowguid]) VALUES (N'PN02    ', N'MS01', 22, 455000, N'efec1597-1c41-eb11-b634-107d1a1cf728')
GO
INSERT [dbo].[CTPN] ([MAPN], [MAVT], [SOLUONG], [DONGIA], [rowguid]) VALUES (N'PN02    ', N'SG20', 12, 23990000, N'f0ec1597-1c41-eb11-b634-107d1a1cf728')
GO
INSERT [dbo].[CTPN] ([MAPN], [MAVT], [SOLUONG], [DONGIA], [rowguid]) VALUES (N'PN03    ', N'MB14', 20, 13490000, N'a3ceddd0-3537-eb11-b61a-107d1a1cf728')
GO
INSERT [dbo].[CTPN] ([MAPN], [MAVT], [SOLUONG], [DONGIA], [rowguid]) VALUES (N'PN03    ', N'MS01', 20, 455000, N'988a5524-3337-eb11-b61a-107d1a1cf728')
GO
INSERT [dbo].[CTPN] ([MAPN], [MAVT], [SOLUONG], [DONGIA], [rowguid]) VALUES (N'PN03    ', N'OC01', 30, 1440000, N'9867a5ef-3537-eb11-b61a-107d1a1cf728')
GO
INSERT [dbo].[CTPN] ([MAPN], [MAVT], [SOLUONG], [DONGIA], [rowguid]) VALUES (N'PN03    ', N'SDP1', 25, 265000, N'9b2085df-3537-eb11-b61a-107d1a1cf728')
GO
INSERT [dbo].[CTPN] ([MAPN], [MAVT], [SOLUONG], [DONGIA], [rowguid]) VALUES (N'PN03    ', N'SG20', 40, 23990000, N'7ad71ab3-3337-eb11-b61a-107d1a1cf728')
GO
INSERT [dbo].[CTPN] ([MAPN], [MAVT], [SOLUONG], [DONGIA], [rowguid]) VALUES (N'PN03    ', N'TN03', 35, 132000, N'4fa5fbe8-3537-eb11-b61a-107d1a1cf728')
GO
INSERT [dbo].[CTPN] ([MAPN], [MAVT], [SOLUONG], [DONGIA], [rowguid]) VALUES (N'PN03    ', N'TV01', 16, 24900000, N'cf55c1f5-3137-eb11-b61a-107d1a1cf728')
GO
INSERT [dbo].[CTPN] ([MAPN], [MAVT], [SOLUONG], [DONGIA], [rowguid]) VALUES (N'PN04    ', N'CC01', 22, 207000, N'd90f8510-3837-eb11-b61a-107d1a1cf728')
GO
INSERT [dbo].[CTPN] ([MAPN], [MAVT], [SOLUONG], [DONGIA], [rowguid]) VALUES (N'PN04    ', N'LB01', 12, 4990000, N'bb4e51f7-3737-eb11-b61a-107d1a1cf728')
GO
INSERT [dbo].[CTPN] ([MAPN], [MAVT], [SOLUONG], [DONGIA], [rowguid]) VALUES (N'PN04    ', N'LS02', 10, 12990000, N'8c335019-3837-eb11-b61a-107d1a1cf728')
GO
INSERT [dbo].[CTPN] ([MAPN], [MAVT], [SOLUONG], [DONGIA], [rowguid]) VALUES (N'PN04    ', N'MQ04', 14, 8890000, N'17d56f04-3837-eb11-b61a-107d1a1cf728')
GO
INSERT [dbo].[CTPN] ([MAPN], [MAVT], [SOLUONG], [DONGIA], [rowguid]) VALUES (N'PN04    ', N'TV05', 10, 18400000, N'f24f2ca0-3637-eb11-b61a-107d1a1cf728')
GO
INSERT [dbo].[CTPN] ([MAPN], [MAVT], [SOLUONG], [DONGIA], [rowguid]) VALUES (N'PN05    ', N'SG20', 35, 69696969, N'a058eabe-2c39-eb11-b61e-107d1a1cf728')
GO
INSERT [dbo].[CTPN] ([MAPN], [MAVT], [SOLUONG], [DONGIA], [rowguid]) VALUES (N'PN06    ', N'DG01', 30, 1180000, N'6e39589b-ae40-eb11-b633-107d1a1cf728')
GO
INSERT [dbo].[CTPN] ([MAPN], [MAVT], [SOLUONG], [DONGIA], [rowguid]) VALUES (N'PN06    ', N'DG02', 30, 1250000, N'6f39589b-ae40-eb11-b633-107d1a1cf728')
GO
INSERT [dbo].[CTPN] ([MAPN], [MAVT], [SOLUONG], [DONGIA], [rowguid]) VALUES (N'PN07    ', N'OC01', 27, 1380000, N'da1ee2c2-4137-eb11-b61a-107d1a1cf728')
GO
INSERT [dbo].[CTPN] ([MAPN], [MAVT], [SOLUONG], [DONGIA], [rowguid]) VALUES (N'PN07    ', N'SDP1', 30, 240000, N'91f163ca-4137-eb11-b61a-107d1a1cf728')
GO
INSERT [dbo].[CTPN] ([MAPN], [MAVT], [SOLUONG], [DONGIA], [rowguid]) VALUES (N'PN07    ', N'SG20', 22, 22900000, N'd1ed16d1-4137-eb11-b61a-107d1a1cf728')
GO
INSERT [dbo].[CTPN] ([MAPN], [MAVT], [SOLUONG], [DONGIA], [rowguid]) VALUES (N'PN10    ', N'MG09', 20, 13290000, N'bd90ae5b-4237-eb11-b61a-107d1a1cf728')
GO
INSERT [dbo].[CTPN] ([MAPN], [MAVT], [SOLUONG], [DONGIA], [rowguid]) VALUES (N'PN10    ', N'ML07', 12, 16330000, N'3b39e269-4237-eb11-b61a-107d1a1cf728')
GO
INSERT [dbo].[CTPN] ([MAPN], [MAVT], [SOLUONG], [DONGIA], [rowguid]) VALUES (N'PN10    ', N'TL03', 10, 25690000, N'30411b50-4237-eb11-b61a-107d1a1cf728')
GO
INSERT [dbo].[CTPN] ([MAPN], [MAVT], [SOLUONG], [DONGIA], [rowguid]) VALUES (N'PN12    ', N'MB14', 15, 13500000, N'76d6661d-ac40-eb11-b633-107d1a1cf728')
GO
INSERT [dbo].[CTPN] ([MAPN], [MAVT], [SOLUONG], [DONGIA], [rowguid]) VALUES (N'PN12    ', N'MS01', 30, 480000, N'93cf7640-ac40-eb11-b633-107d1a1cf728')
GO
INSERT [dbo].[CTPN] ([MAPN], [MAVT], [SOLUONG], [DONGIA], [rowguid]) VALUES (N'PN12    ', N'OC01', 25, 1440000, N'ad35bb47-ac40-eb11-b633-107d1a1cf728')
GO
INSERT [dbo].[CTPN] ([MAPN], [MAVT], [SOLUONG], [DONGIA], [rowguid]) VALUES (N'PN12    ', N'SDP1', 50, 265000, N'7883b653-ac40-eb11-b633-107d1a1cf728')
GO
INSERT [dbo].[CTPN] ([MAPN], [MAVT], [SOLUONG], [DONGIA], [rowguid]) VALUES (N'PN12    ', N'SG20', 10, 24000000, N'7983b653-ac40-eb11-b633-107d1a1cf728')
GO
INSERT [dbo].[CTPN] ([MAPN], [MAVT], [SOLUONG], [DONGIA], [rowguid]) VALUES (N'PN12    ', N'TV01', 22, 24900000, N'ef44bc60-ac40-eb11-b633-107d1a1cf728')
GO
INSERT [dbo].[CTPN] ([MAPN], [MAVT], [SOLUONG], [DONGIA], [rowguid]) VALUES (N'PN13    ', N'CC01', 50, 200000, N'1a2369ae-af40-eb11-b633-107d1a1cf728')
GO
INSERT [dbo].[CTPN] ([MAPN], [MAVT], [SOLUONG], [DONGIA], [rowguid]) VALUES (N'PN13    ', N'LB01', 30, 4100000, N'8d7399b4-af40-eb11-b633-107d1a1cf728')
GO
INSERT [dbo].[CTPN] ([MAPN], [MAVT], [SOLUONG], [DONGIA], [rowguid]) VALUES (N'PN13    ', N'LB08', 35, 2690000, N'31e9dccb-b540-eb11-b633-107d1a1cf728')
GO
INSERT [dbo].[CTPN] ([MAPN], [MAVT], [SOLUONG], [DONGIA], [rowguid]) VALUES (N'PN13    ', N'LS02', 20, 12990000, N'32e9dccb-b540-eb11-b633-107d1a1cf728')
GO
INSERT [dbo].[CTPN] ([MAPN], [MAVT], [SOLUONG], [DONGIA], [rowguid]) VALUES (N'PN13    ', N'LV12', 20, 4999000, N'bc4c43d7-b540-eb11-b633-107d1a1cf728')
GO
INSERT [dbo].[CTPN] ([MAPN], [MAVT], [SOLUONG], [DONGIA], [rowguid]) VALUES (N'PN13    ', N'MQ04', 26, 8890000, N'bd4c43d7-b540-eb11-b633-107d1a1cf728')
GO
INSERT [dbo].[CTPN] ([MAPN], [MAVT], [SOLUONG], [DONGIA], [rowguid]) VALUES (N'PN13    ', N'MU06', 22, 300000, N'08c8b2df-b540-eb11-b633-107d1a1cf728')
GO
INSERT [dbo].[CTPN] ([MAPN], [MAVT], [SOLUONG], [DONGIA], [rowguid]) VALUES (N'PN14    ', N'BP01', 30, 1120000, N'e34174f2-1241-eb11-b634-107d1a1cf728')
GO
INSERT [dbo].[CTPN] ([MAPN], [MAVT], [SOLUONG], [DONGIA], [rowguid]) VALUES (N'PN14    ', N'BP03', 30, 990000, N'e44174f2-1241-eb11-b634-107d1a1cf728')
GO
INSERT [dbo].[CTPN] ([MAPN], [MAVT], [SOLUONG], [DONGIA], [rowguid]) VALUES (N'PN14    ', N'CH01', 20, 2310000, N'b67af2f8-1241-eb11-b634-107d1a1cf728')
GO
INSERT [dbo].[CTPN] ([MAPN], [MAVT], [SOLUONG], [DONGIA], [rowguid]) VALUES (N'PN14    ', N'CR01', 22, 320000, N'b77af2f8-1241-eb11-b634-107d1a1cf728')
GO
INSERT [dbo].[CTPN] ([MAPN], [MAVT], [SOLUONG], [DONGIA], [rowguid]) VALUES (N'PN14    ', N'MSF1', 10, 49000000, N'76873100-1341-eb11-b634-107d1a1cf728')
GO
INSERT [dbo].[CTPN] ([MAPN], [MAVT], [SOLUONG], [DONGIA], [rowguid]) VALUES (N'PN14    ', N'MSF2', 10, 30000000, N'77873100-1341-eb11-b634-107d1a1cf728')
GO
INSERT [dbo].[CTPN] ([MAPN], [MAVT], [SOLUONG], [DONGIA], [rowguid]) VALUES (N'PN14    ', N'RA05', 20, 8600000, N'bd467908-1341-eb11-b634-107d1a1cf728')
GO
INSERT [dbo].[CTPN] ([MAPN], [MAVT], [SOLUONG], [DONGIA], [rowguid]) VALUES (N'PN14    ', N'UB02', 30, 1390000, N'61074c12-1341-eb11-b634-107d1a1cf728')
GO
INSERT [dbo].[CTPN] ([MAPN], [MAVT], [SOLUONG], [DONGIA], [rowguid]) VALUES (N'PN15    ', N'MB14', 8, 69696969, N'4927defd-4e39-eb11-b61e-107d1a1cf728')
GO
INSERT [dbo].[CTPN] ([MAPN], [MAVT], [SOLUONG], [DONGIA], [rowguid]) VALUES (N'PN15    ', N'SG20', 12, 69696969, N'29a37a7a-2f39-eb11-b61e-107d1a1cf728')
GO
INSERT [dbo].[CTPN] ([MAPN], [MAVT], [SOLUONG], [DONGIA], [rowguid]) VALUES (N'PN19    ', N'CH01', 15, 2310000, N'54812ddd-1341-eb11-b634-107d1a1cf728')
GO
INSERT [dbo].[CTPN] ([MAPN], [MAVT], [SOLUONG], [DONGIA], [rowguid]) VALUES (N'PN19    ', N'CO04', 20, 420000, N'55812ddd-1341-eb11-b634-107d1a1cf728')
GO
INSERT [dbo].[CTPN] ([MAPN], [MAVT], [SOLUONG], [DONGIA], [rowguid]) VALUES (N'PN19    ', N'FG02', 50, 856000, N'56812ddd-1341-eb11-b634-107d1a1cf728')
GO
INSERT [dbo].[CTPN] ([MAPN], [MAVT], [SOLUONG], [DONGIA], [rowguid]) VALUES (N'PN20    ', N'MB14', 20, 69696969, N'8529a197-e03a-eb11-b620-107d1a1cf728')
GO
INSERT [dbo].[CTPN] ([MAPN], [MAVT], [SOLUONG], [DONGIA], [rowguid]) VALUES (N'PN22    ', N'DL02', 10, 17990000, N'467a7b84-1441-eb11-b634-107d1a1cf728')
GO
INSERT [dbo].[CTPN] ([MAPN], [MAVT], [SOLUONG], [DONGIA], [rowguid]) VALUES (N'PN22    ', N'DL03', 15, 21450000, N'487a7b84-1441-eb11-b634-107d1a1cf728')
GO
INSERT [dbo].[CTPN] ([MAPN], [MAVT], [SOLUONG], [DONGIA], [rowguid]) VALUES (N'PN22    ', N'RA05', 10, 8600000, N'477a7b84-1441-eb11-b634-107d1a1cf728')
GO
INSERT [dbo].[CTPN] ([MAPN], [MAVT], [SOLUONG], [DONGIA], [rowguid]) VALUES (N'PN23    ', N'AP01', 20, 5250000, N'b28b0ee6-1441-eb11-b634-107d1a1cf728')
GO
INSERT [dbo].[CTPN] ([MAPN], [MAVT], [SOLUONG], [DONGIA], [rowguid]) VALUES (N'PN23    ', N'IM04', 10, 29990000, N'eb409bf9-1441-eb11-b634-107d1a1cf728')
GO
INSERT [dbo].[CTPN] ([MAPN], [MAVT], [SOLUONG], [DONGIA], [rowguid]) VALUES (N'PN23    ', N'IP01', 30, 39990000, N'd4a739f3-1441-eb11-b634-107d1a1cf728')
GO
INSERT [dbo].[CTPN] ([MAPN], [MAVT], [SOLUONG], [DONGIA], [rowguid]) VALUES (N'PN23    ', N'MB01', 15, 45990000, N'd5a739f3-1441-eb11-b634-107d1a1cf728')
GO
INSERT [dbo].[CTPN] ([MAPN], [MAVT], [SOLUONG], [DONGIA], [rowguid]) VALUES (N'PN24    ', N'MG09', 12, 13290000, N'84429d5c-1541-eb11-b634-107d1a1cf728')
GO
INSERT [dbo].[CTPN] ([MAPN], [MAVT], [SOLUONG], [DONGIA], [rowguid]) VALUES (N'PN24    ', N'ML07', 15, 16330000, N'86429d5c-1541-eb11-b634-107d1a1cf728')
GO
INSERT [dbo].[CTPN] ([MAPN], [MAVT], [SOLUONG], [DONGIA], [rowguid]) VALUES (N'PN24    ', N'TL03', 25, 25690000, N'85429d5c-1541-eb11-b634-107d1a1cf728')
GO
INSERT [dbo].[CTPN] ([MAPN], [MAVT], [SOLUONG], [DONGIA], [rowguid]) VALUES (N'PN27    ', N'MB14', 22, 13500000, N'9da08b30-1641-eb11-b634-107d1a1cf728')
GO
INSERT [dbo].[CTPN] ([MAPN], [MAVT], [SOLUONG], [DONGIA], [rowguid]) VALUES (N'PN27    ', N'OC01', 50, 1440000, N'9ea08b30-1641-eb11-b634-107d1a1cf728')
GO
INSERT [dbo].[CTPN] ([MAPN], [MAVT], [SOLUONG], [DONGIA], [rowguid]) VALUES (N'PN27    ', N'OC02', 40, 1920000, N'9fa08b30-1641-eb11-b634-107d1a1cf728')
GO
INSERT [dbo].[CTPN] ([MAPN], [MAVT], [SOLUONG], [DONGIA], [rowguid]) VALUES (N'PN27    ', N'SDP1', 25, 260000, N'f6e7fa39-1641-eb11-b634-107d1a1cf728')
GO
INSERT [dbo].[CTPN] ([MAPN], [MAVT], [SOLUONG], [DONGIA], [rowguid]) VALUES (N'PN27    ', N'SG20', 26, 24000000, N'f7e7fa39-1641-eb11-b634-107d1a1cf728')
GO
INSERT [dbo].[CTPN] ([MAPN], [MAVT], [SOLUONG], [DONGIA], [rowguid]) VALUES (N'PN27    ', N'TN03', 20, 130000, N'd437c241-1641-eb11-b634-107d1a1cf728')
GO
INSERT [dbo].[CTPN] ([MAPN], [MAVT], [SOLUONG], [DONGIA], [rowguid]) VALUES (N'PN27    ', N'TV01', 10, 24900000, N'd537c241-1641-eb11-b634-107d1a1cf728')
GO
INSERT [dbo].[CTPN] ([MAPN], [MAVT], [SOLUONG], [DONGIA], [rowguid]) VALUES (N'PN28    ', N'CC01', 30, 200000, N'5764c882-1641-eb11-b634-107d1a1cf728')
GO
INSERT [dbo].[CTPN] ([MAPN], [MAVT], [SOLUONG], [DONGIA], [rowguid]) VALUES (N'PN28    ', N'LB01', 28, 4100000, N'5864c882-1641-eb11-b634-107d1a1cf728')
GO
INSERT [dbo].[CTPN] ([MAPN], [MAVT], [SOLUONG], [DONGIA], [rowguid]) VALUES (N'PN28    ', N'LB08', 28, 2690000, N'8cfcfc88-1641-eb11-b634-107d1a1cf728')
GO
INSERT [dbo].[CTPN] ([MAPN], [MAVT], [SOLUONG], [DONGIA], [rowguid]) VALUES (N'PN28    ', N'LS02', 16, 12990000, N'8dfcfc88-1641-eb11-b634-107d1a1cf728')
GO
INSERT [dbo].[CTPN] ([MAPN], [MAVT], [SOLUONG], [DONGIA], [rowguid]) VALUES (N'PN28    ', N'LV12', 32, 4990000, N'8efcfc88-1641-eb11-b634-107d1a1cf728')
GO
INSERT [dbo].[CTPN] ([MAPN], [MAVT], [SOLUONG], [DONGIA], [rowguid]) VALUES (N'PN28    ', N'MQ04', 13, 8890000, N'abb92e90-1641-eb11-b634-107d1a1cf728')
GO
INSERT [dbo].[CTPN] ([MAPN], [MAVT], [SOLUONG], [DONGIA], [rowguid]) VALUES (N'PN28    ', N'SDP1', 10, 260000, N'acb92e90-1641-eb11-b634-107d1a1cf728')
GO
INSERT [dbo].[CTPN] ([MAPN], [MAVT], [SOLUONG], [DONGIA], [rowguid]) VALUES (N'PN31    ', N'BP01', 24, 1120000, N'ed796599-1741-eb11-b634-107d1a1cf728')
GO
INSERT [dbo].[CTPN] ([MAPN], [MAVT], [SOLUONG], [DONGIA], [rowguid]) VALUES (N'PN31    ', N'BP03', 24, 990000, N'ee796599-1741-eb11-b634-107d1a1cf728')
GO
INSERT [dbo].[CTPN] ([MAPN], [MAVT], [SOLUONG], [DONGIA], [rowguid]) VALUES (N'PN31    ', N'CH01', 30, 2310000, N'ef796599-1741-eb11-b634-107d1a1cf728')
GO
INSERT [dbo].[CTPN] ([MAPN], [MAVT], [SOLUONG], [DONGIA], [rowguid]) VALUES (N'PN31    ', N'CR01', 20, 320000, N'31d13ba0-1741-eb11-b634-107d1a1cf728')
GO
INSERT [dbo].[CTPN] ([MAPN], [MAVT], [SOLUONG], [DONGIA], [rowguid]) VALUES (N'PN31    ', N'MSF1', 10, 49000000, N'32d13ba0-1741-eb11-b634-107d1a1cf728')
GO
INSERT [dbo].[CTPN] ([MAPN], [MAVT], [SOLUONG], [DONGIA], [rowguid]) VALUES (N'PN31    ', N'MSF2', 10, 30000000, N'33d13ba0-1741-eb11-b634-107d1a1cf728')
GO
INSERT [dbo].[CTPN] ([MAPN], [MAVT], [SOLUONG], [DONGIA], [rowguid]) VALUES (N'PN31    ', N'RA01', 22, 3590000, N'9b1410a8-1741-eb11-b634-107d1a1cf728')
GO
INSERT [dbo].[CTPN] ([MAPN], [MAVT], [SOLUONG], [DONGIA], [rowguid]) VALUES (N'PN31    ', N'RA05', 15, 8600000, N'9c1410a8-1741-eb11-b634-107d1a1cf728')
GO
INSERT [dbo].[CTPN] ([MAPN], [MAVT], [SOLUONG], [DONGIA], [rowguid]) VALUES (N'PN31    ', N'UB02', 35, 1390000, N'27f6d0ae-1741-eb11-b634-107d1a1cf728')
GO
INSERT [dbo].[CTPN] ([MAPN], [MAVT], [SOLUONG], [DONGIA], [rowguid]) VALUES (N'PN33    ', N'BP01', 20, 1120000, N'e4d75a50-1841-eb11-b634-107d1a1cf728')
GO
INSERT [dbo].[CTPN] ([MAPN], [MAVT], [SOLUONG], [DONGIA], [rowguid]) VALUES (N'PN33    ', N'BP03', 20, 990000, N'e5d75a50-1841-eb11-b634-107d1a1cf728')
GO
INSERT [dbo].[CTPN] ([MAPN], [MAVT], [SOLUONG], [DONGIA], [rowguid]) VALUES (N'PN33    ', N'CH01', 22, 2310000, N'e6d75a50-1841-eb11-b634-107d1a1cf728')
GO
INSERT [dbo].[CTPN] ([MAPN], [MAVT], [SOLUONG], [DONGIA], [rowguid]) VALUES (N'PN33    ', N'CR01', 18, 320000, N'bb9eb356-1841-eb11-b634-107d1a1cf728')
GO
INSERT [dbo].[CTPN] ([MAPN], [MAVT], [SOLUONG], [DONGIA], [rowguid]) VALUES (N'PN33    ', N'MSF1', 14, 49000000, N'bc9eb356-1841-eb11-b634-107d1a1cf728')
GO
INSERT [dbo].[CTPN] ([MAPN], [MAVT], [SOLUONG], [DONGIA], [rowguid]) VALUES (N'PN33    ', N'MSF2', 14, 30000000, N'bd9eb356-1841-eb11-b634-107d1a1cf728')
GO
INSERT [dbo].[CTPN] ([MAPN], [MAVT], [SOLUONG], [DONGIA], [rowguid]) VALUES (N'PN33    ', N'RA01', 14, 3590000, N'fb3a7c5d-1841-eb11-b634-107d1a1cf728')
GO
INSERT [dbo].[CTPN] ([MAPN], [MAVT], [SOLUONG], [DONGIA], [rowguid]) VALUES (N'PN33    ', N'RA05', 14, 8600000, N'fc3a7c5d-1841-eb11-b634-107d1a1cf728')
GO
INSERT [dbo].[CTPN] ([MAPN], [MAVT], [SOLUONG], [DONGIA], [rowguid]) VALUES (N'PN33    ', N'UB02', 20, 1390000, N'054aff68-1841-eb11-b634-107d1a1cf728')
GO
INSERT [dbo].[CTPN] ([MAPN], [MAVT], [SOLUONG], [DONGIA], [rowguid]) VALUES (N'PN35    ', N'MG09', 7, 13290000, N'7b2a483b-1941-eb11-b634-107d1a1cf728')
GO
INSERT [dbo].[CTPN] ([MAPN], [MAVT], [SOLUONG], [DONGIA], [rowguid]) VALUES (N'PN35    ', N'ML07', 16, 16330000, N'7c2a483b-1941-eb11-b634-107d1a1cf728')
GO
INSERT [dbo].[CTPN] ([MAPN], [MAVT], [SOLUONG], [DONGIA], [rowguid]) VALUES (N'PN35    ', N'TL03', 18, 25690000, N'7d2a483b-1941-eb11-b634-107d1a1cf728')
GO
INSERT [dbo].[CTPN] ([MAPN], [MAVT], [SOLUONG], [DONGIA], [rowguid]) VALUES (N'PN38    ', N'DL02', 30, 17990000, N'765daf52-1941-eb11-b634-107d1a1cf728')
GO
INSERT [dbo].[CTPN] ([MAPN], [MAVT], [SOLUONG], [DONGIA], [rowguid]) VALUES (N'PN38    ', N'DL03', 30, 21450000, N'5ed7415a-1941-eb11-b634-107d1a1cf728')
GO
INSERT [dbo].[CTPN] ([MAPN], [MAVT], [SOLUONG], [DONGIA], [rowguid]) VALUES (N'PN42    ', N'BP01', 8, 1120000, N'aa230aa4-1941-eb11-b634-107d1a1cf728')
GO
INSERT [dbo].[CTPN] ([MAPN], [MAVT], [SOLUONG], [DONGIA], [rowguid]) VALUES (N'PN42    ', N'BP03', 8, 990000, N'ab230aa4-1941-eb11-b634-107d1a1cf728')
GO
INSERT [dbo].[CTPN] ([MAPN], [MAVT], [SOLUONG], [DONGIA], [rowguid]) VALUES (N'PN42    ', N'CH01', 9, 2310000, N'ac230aa4-1941-eb11-b634-107d1a1cf728')
GO
INSERT [dbo].[CTPN] ([MAPN], [MAVT], [SOLUONG], [DONGIA], [rowguid]) VALUES (N'PN42    ', N'CR01', 9, 320000, N'ad230aa4-1941-eb11-b634-107d1a1cf728')
GO
INSERT [dbo].[CTPN] ([MAPN], [MAVT], [SOLUONG], [DONGIA], [rowguid]) VALUES (N'PN42    ', N'MSF1', 10, 49000000, N'472e98ab-1941-eb11-b634-107d1a1cf728')
GO
INSERT [dbo].[CTPN] ([MAPN], [MAVT], [SOLUONG], [DONGIA], [rowguid]) VALUES (N'PN42    ', N'MSF2', 10, 30000000, N'482e98ab-1941-eb11-b634-107d1a1cf728')
GO
INSERT [dbo].[CTPN] ([MAPN], [MAVT], [SOLUONG], [DONGIA], [rowguid]) VALUES (N'PN42    ', N'RA01', 12, 3590000, N'df8317b3-1941-eb11-b634-107d1a1cf728')
GO
INSERT [dbo].[CTPN] ([MAPN], [MAVT], [SOLUONG], [DONGIA], [rowguid]) VALUES (N'PN42    ', N'RA05', 12, 8600000, N'e08317b3-1941-eb11-b634-107d1a1cf728')
GO
INSERT [dbo].[CTPN] ([MAPN], [MAVT], [SOLUONG], [DONGIA], [rowguid]) VALUES (N'PN42    ', N'UB02', 15, 1390000, N'e18317b3-1941-eb11-b634-107d1a1cf728')
GO
INSERT [dbo].[CTPN] ([MAPN], [MAVT], [SOLUONG], [DONGIA], [rowguid]) VALUES (N'PN43    ', N'CO04', 20, 420000, N'd229d3f7-1941-eb11-b634-107d1a1cf728')
GO
INSERT [dbo].[CTPN] ([MAPN], [MAVT], [SOLUONG], [DONGIA], [rowguid]) VALUES (N'PN43    ', N'FG02', 40, 856000, N'd329d3f7-1941-eb11-b634-107d1a1cf728')
GO
INSERT [dbo].[CTPN] ([MAPN], [MAVT], [SOLUONG], [DONGIA], [rowguid]) VALUES (N'PN49    ', N'AP01', 20, 5200000, N'34c21e57-1a41-eb11-b634-107d1a1cf728')
GO
INSERT [dbo].[CTPN] ([MAPN], [MAVT], [SOLUONG], [DONGIA], [rowguid]) VALUES (N'PN49    ', N'IM04', 10, 29990000, N'35c21e57-1a41-eb11-b634-107d1a1cf728')
GO
INSERT [dbo].[CTPN] ([MAPN], [MAVT], [SOLUONG], [DONGIA], [rowguid]) VALUES (N'PN49    ', N'IP01', 33, 39000000, N'36c21e57-1a41-eb11-b634-107d1a1cf728')
GO
INSERT [dbo].[CTPN] ([MAPN], [MAVT], [SOLUONG], [DONGIA], [rowguid]) VALUES (N'PN49    ', N'MB01', 35, 45990000, N'37c21e57-1a41-eb11-b634-107d1a1cf728')
GO
INSERT [dbo].[CTPN] ([MAPN], [MAVT], [SOLUONG], [DONGIA], [rowguid]) VALUES (N'PN51    ', N'MC06', 60, 455000, N'182cb765-1a41-eb11-b634-107d1a1cf728')
GO
INSERT [dbo].[CTPN] ([MAPN], [MAVT], [SOLUONG], [DONGIA], [rowguid]) VALUES (N'PN51    ', N'ME01', 28, 1330000, N'192cb765-1a41-eb11-b634-107d1a1cf728')
GO
INSERT [dbo].[CTPN] ([MAPN], [MAVT], [SOLUONG], [DONGIA], [rowguid]) VALUES (N'PN51    ', N'MNN3', 30, 2590000, N'1a2cb765-1a41-eb11-b634-107d1a1cf728')
GO
INSERT [dbo].[CTPN] ([MAPN], [MAVT], [SOLUONG], [DONGIA], [rowguid]) VALUES (N'PN55    ', N'CC01', 32, 200000, N'811bc16f-1a41-eb11-b634-107d1a1cf728')
GO
INSERT [dbo].[CTPN] ([MAPN], [MAVT], [SOLUONG], [DONGIA], [rowguid]) VALUES (N'PN55    ', N'LB01', 23, 4100000, N'821bc16f-1a41-eb11-b634-107d1a1cf728')
GO
INSERT [dbo].[CTPN] ([MAPN], [MAVT], [SOLUONG], [DONGIA], [rowguid]) VALUES (N'PN55    ', N'LB08', 23, 2690000, N'831bc16f-1a41-eb11-b634-107d1a1cf728')
GO
INSERT [dbo].[CTPN] ([MAPN], [MAVT], [SOLUONG], [DONGIA], [rowguid]) VALUES (N'PN55    ', N'LS02', 17, 12990000, N'2880dc75-1a41-eb11-b634-107d1a1cf728')
GO
INSERT [dbo].[CTPN] ([MAPN], [MAVT], [SOLUONG], [DONGIA], [rowguid]) VALUES (N'PN55    ', N'LV12', 15, 4990000, N'2980dc75-1a41-eb11-b634-107d1a1cf728')
GO
INSERT [dbo].[CTPN] ([MAPN], [MAVT], [SOLUONG], [DONGIA], [rowguid]) VALUES (N'PN55    ', N'MQ04', 10, 8890000, N'2a80dc75-1a41-eb11-b634-107d1a1cf728')
GO
INSERT [dbo].[CTPN] ([MAPN], [MAVT], [SOLUONG], [DONGIA], [rowguid]) VALUES (N'PN55    ', N'PS4P', 30, 8990000, N'a350747c-1a41-eb11-b634-107d1a1cf728')
GO
INSERT [dbo].[CTPN] ([MAPN], [MAVT], [SOLUONG], [DONGIA], [rowguid]) VALUES (N'PN55    ', N'PS5D', 40, 27990000, N'a450747c-1a41-eb11-b634-107d1a1cf728')
GO
INSERT [dbo].[CTPX] ([MAPX], [MAVT], [SOLUONG], [DONGIA], [rowguid]) VALUES (N'PX01    ', N'LS02', 5, 12990000, N'4ac67d8e-1442-eb11-b636-107d1a1cf728')
GO
INSERT [dbo].[CTPX] ([MAPX], [MAVT], [SOLUONG], [DONGIA], [rowguid]) VALUES (N'PX01    ', N'MS01', 4, 455000, N'7fde50db-ac0c-eb11-b5d6-107d1a1cf728')
GO
INSERT [dbo].[CTPX] ([MAPX], [MAVT], [SOLUONG], [DONGIA], [rowguid]) VALUES (N'PX02    ', N'RA02', 8, 2440000, N'b827f5d5-ee32-eb11-b615-107d1a1cf728')
GO
INSERT [dbo].[CTPX] ([MAPX], [MAVT], [SOLUONG], [DONGIA], [rowguid]) VALUES (N'PX02    ', N'TV05', 6, 18400000, N'01afde9b-7b29-eb11-b604-107d1a1cf728')
GO
INSERT [dbo].[CTPX] ([MAPX], [MAVT], [SOLUONG], [DONGIA], [rowguid]) VALUES (N'PX03    ', N'MS01', 5, 455000, N'80de50db-ac0c-eb11-b5d6-107d1a1cf728')
GO
INSERT [dbo].[CTPX] ([MAPX], [MAVT], [SOLUONG], [DONGIA], [rowguid]) VALUES (N'PX03    ', N'TV05', 4, 18400000, N'298af997-ea41-eb11-b635-107d1a1cf728')
GO
INSERT [dbo].[CTPX] ([MAPX], [MAVT], [SOLUONG], [DONGIA], [rowguid]) VALUES (N'PX04    ', N'TV01', 6, 24900000, N'237ee0e0-e941-eb11-b635-107d1a1cf728')
GO
INSERT [dbo].[CTPX] ([MAPX], [MAVT], [SOLUONG], [DONGIA], [rowguid]) VALUES (N'PX04    ', N'TV05', 3, 18400000, N'51b5566e-ea41-eb11-b635-107d1a1cf728')
GO
INSERT [dbo].[CTPX] ([MAPX], [MAVT], [SOLUONG], [DONGIA], [rowguid]) VALUES (N'PX05    ', N'IM04', 5, 39000000, N'cc700373-1242-eb11-b636-107d1a1cf728')
GO
INSERT [dbo].[CTPX] ([MAPX], [MAVT], [SOLUONG], [DONGIA], [rowguid]) VALUES (N'PX05    ', N'IP01', 10, 39990000, N'85740f46-1342-eb11-b636-107d1a1cf728')
GO
INSERT [dbo].[CTPX] ([MAPX], [MAVT], [SOLUONG], [DONGIA], [rowguid]) VALUES (N'PX05    ', N'MB01', 5, 45990000, N'a2496195-1342-eb11-b636-107d1a1cf728')
GO
INSERT [dbo].[CTPX] ([MAPX], [MAVT], [SOLUONG], [DONGIA], [rowguid]) VALUES (N'PX06    ', N'MC06', 5, 455000, N'cf95aac2-1342-eb11-b636-107d1a1cf728')
GO
INSERT [dbo].[CTPX] ([MAPX], [MAVT], [SOLUONG], [DONGIA], [rowguid]) VALUES (N'PX06    ', N'ME01', 2, 1330000, N'9f4bf2ce-1342-eb11-b636-107d1a1cf728')
GO
INSERT [dbo].[CTPX] ([MAPX], [MAVT], [SOLUONG], [DONGIA], [rowguid]) VALUES (N'PX07    ', N'DG01', 10, 1180000, N'098ec70c-1442-eb11-b636-107d1a1cf728')
GO
INSERT [dbo].[CTPX] ([MAPX], [MAVT], [SOLUONG], [DONGIA], [rowguid]) VALUES (N'PX07    ', N'DG02', 10, 1250000, N'87b72c16-1442-eb11-b636-107d1a1cf728')
GO
INSERT [dbo].[CTPX] ([MAPX], [MAVT], [SOLUONG], [DONGIA], [rowguid]) VALUES (N'PX07    ', N'PS5D', 10, 27990000, N'71796840-1442-eb11-b636-107d1a1cf728')
GO
INSERT [dbo].[CTPX] ([MAPX], [MAVT], [SOLUONG], [DONGIA], [rowguid]) VALUES (N'PX08    ', N'MQ04', 3, 8890000, N'2a92dcb7-1442-eb11-b636-107d1a1cf728')
GO
INSERT [dbo].[CTPX] ([MAPX], [MAVT], [SOLUONG], [DONGIA], [rowguid]) VALUES (N'PX08    ', N'TV05', 2, 18400000, N'eec3b3c5-1442-eb11-b636-107d1a1cf728')
GO
INSERT [dbo].[CTPX] ([MAPX], [MAVT], [SOLUONG], [DONGIA], [rowguid]) VALUES (N'PX10    ', N'MB14', 2, 13490000, N'4bcc1004-1542-eb11-b636-107d1a1cf728')
GO
INSERT [dbo].[CTPX] ([MAPX], [MAVT], [SOLUONG], [DONGIA], [rowguid]) VALUES (N'PX10    ', N'SG20', 8, 23990000, N'4763ecf2-1442-eb11-b636-107d1a1cf728')
GO
INSERT [dbo].[CTPX] ([MAPX], [MAVT], [SOLUONG], [DONGIA], [rowguid]) VALUES (N'PX10    ', N'TN03', 4, 132000, N'24d2ad22-1542-eb11-b636-107d1a1cf728')
GO
INSERT [dbo].[CTPX] ([MAPX], [MAVT], [SOLUONG], [DONGIA], [rowguid]) VALUES (N'PX11    ', N'CH01', 2, 2310000, N'81d354e7-1f42-eb11-b636-107d1a1cf728')
GO
INSERT [dbo].[CTPX] ([MAPX], [MAVT], [SOLUONG], [DONGIA], [rowguid]) VALUES (N'PX11    ', N'CR01', 3, 320000, N'ef15edf8-1f42-eb11-b636-107d1a1cf728')
GO
INSERT [dbo].[CTPX] ([MAPX], [MAVT], [SOLUONG], [DONGIA], [rowguid]) VALUES (N'PX11    ', N'MSF1', 5, 49000000, N'f1f21474-1942-eb11-b636-107d1a1cf728')
GO
INSERT [dbo].[CTPX] ([MAPX], [MAVT], [SOLUONG], [DONGIA], [rowguid]) VALUES (N'PX11    ', N'MSF2', 5, 30000000, N'a84503c6-1f42-eb11-b636-107d1a1cf728')
GO
INSERT [dbo].[CTPX] ([MAPX], [MAVT], [SOLUONG], [DONGIA], [rowguid]) VALUES (N'PX12    ', N'AP01', 2, 5250000, N'6b9e1929-2042-eb11-b636-107d1a1cf728')
GO
INSERT [dbo].[CTPX] ([MAPX], [MAVT], [SOLUONG], [DONGIA], [rowguid]) VALUES (N'PX12    ', N'BP01', 1, 1120000, N'6aff1853-2042-eb11-b636-107d1a1cf728')
GO
INSERT [dbo].[CTPX] ([MAPX], [MAVT], [SOLUONG], [DONGIA], [rowguid]) VALUES (N'PX12    ', N'CC01', 8, 207000, N'aa9dc15f-2042-eb11-b636-107d1a1cf728')
GO
INSERT [dbo].[CTPX] ([MAPX], [MAVT], [SOLUONG], [DONGIA], [rowguid]) VALUES (N'PX12    ', N'CH01', 3, 2310000, N'157b207c-2042-eb11-b636-107d1a1cf728')
GO
INSERT [dbo].[CTPX] ([MAPX], [MAVT], [SOLUONG], [DONGIA], [rowguid]) VALUES (N'PX12    ', N'IM04', 3, 39000000, N'168dba1a-2042-eb11-b636-107d1a1cf728')
GO
INSERT [dbo].[CTPX] ([MAPX], [MAVT], [SOLUONG], [DONGIA], [rowguid]) VALUES (N'PX12    ', N'MB01', 5, 45990000, N'28634240-2042-eb11-b636-107d1a1cf728')
GO
INSERT [dbo].[CTPX] ([MAPX], [MAVT], [SOLUONG], [DONGIA], [rowguid]) VALUES (N'PX12    ', N'OC02', 2, 1920000, N'5ab9189b-2042-eb11-b636-107d1a1cf728')
GO
INSERT [dbo].[CTPX] ([MAPX], [MAVT], [SOLUONG], [DONGIA], [rowguid]) VALUES (N'PX12    ', N'RA01', 4, 3590000, N'a17221a2-2042-eb11-b636-107d1a1cf728')
GO
INSERT [dbo].[CTPX] ([MAPX], [MAVT], [SOLUONG], [DONGIA], [rowguid]) VALUES (N'PX13    ', N'LV12', 4, 4990000, N'7f33adf3-2042-eb11-b636-107d1a1cf728')
GO
INSERT [dbo].[CTPX] ([MAPX], [MAVT], [SOLUONG], [DONGIA], [rowguid]) VALUES (N'PX13    ', N'MG09', 8, 13290000, N'a5b275bf-2042-eb11-b636-107d1a1cf728')
GO
INSERT [dbo].[CTPX] ([MAPX], [MAVT], [SOLUONG], [DONGIA], [rowguid]) VALUES (N'PX13    ', N'ML07', 12, 16330000, N'f75099d5-2042-eb11-b636-107d1a1cf728')
GO
INSERT [dbo].[CTPX] ([MAPX], [MAVT], [SOLUONG], [DONGIA], [rowguid]) VALUES (N'PX13    ', N'MNN3', 4, 2590000, N'e3b089e0-2042-eb11-b636-107d1a1cf728')
GO
INSERT [dbo].[CTPX] ([MAPX], [MAVT], [SOLUONG], [DONGIA], [rowguid]) VALUES (N'PX19    ', N'DL03', 30, 21450000, N'57e8d860-2142-eb11-b636-107d1a1cf728')
GO
INSERT [dbo].[CTPX] ([MAPX], [MAVT], [SOLUONG], [DONGIA], [rowguid]) VALUES (N'PX19    ', N'LB01', 2, 4100000, N'512ee651-2142-eb11-b636-107d1a1cf728')
GO
INSERT [dbo].[CTPX] ([MAPX], [MAVT], [SOLUONG], [DONGIA], [rowguid]) VALUES (N'PX19    ', N'OC01', 2, 1380000, N'afd5ce44-2142-eb11-b636-107d1a1cf728')
GO
INSERT [dbo].[CTPX] ([MAPX], [MAVT], [SOLUONG], [DONGIA], [rowguid]) VALUES (N'PX19    ', N'TL03', 2, 25690000, N'e8c08930-2142-eb11-b636-107d1a1cf728')
GO
INSERT [dbo].[CTPX] ([MAPX], [MAVT], [SOLUONG], [DONGIA], [rowguid]) VALUES (N'PX19    ', N'TV01', 3, 24900000, N'db423d1d-2142-eb11-b636-107d1a1cf728')
GO
INSERT [dbo].[CTPX] ([MAPX], [MAVT], [SOLUONG], [DONGIA], [rowguid]) VALUES (N'PX21    ', N'BP03', 12, 990000, N'dda7568f-2142-eb11-b636-107d1a1cf728')
GO
INSERT [dbo].[CTPX] ([MAPX], [MAVT], [SOLUONG], [DONGIA], [rowguid]) VALUES (N'PX21    ', N'CO04', 5, 420000, N'f29bb8ab-2142-eb11-b636-107d1a1cf728')
GO
INSERT [dbo].[CTPX] ([MAPX], [MAVT], [SOLUONG], [DONGIA], [rowguid]) VALUES (N'PX21    ', N'IP01', 6, 39000000, N'b623b67c-2142-eb11-b636-107d1a1cf728')
GO
INSERT [dbo].[CTPX] ([MAPX], [MAVT], [SOLUONG], [DONGIA], [rowguid]) VALUES (N'PX22    ', N'DL02', 20, 17990000, N'1564b6c2-2142-eb11-b636-107d1a1cf728')
GO
INSERT [dbo].[CTPX] ([MAPX], [MAVT], [SOLUONG], [DONGIA], [rowguid]) VALUES (N'PX24    ', N'FG02', 6, 856000, N'c851e0f0-2142-eb11-b636-107d1a1cf728')
GO
INSERT [dbo].[CTPX] ([MAPX], [MAVT], [SOLUONG], [DONGIA], [rowguid]) VALUES (N'PX24    ', N'UB02', 2, 1390000, N'57aa24d2-2142-eb11-b636-107d1a1cf728')
GO
INSERT [dbo].[CTPX] ([MAPX], [MAVT], [SOLUONG], [DONGIA], [rowguid]) VALUES (N'PX25    ', N'DG01', 1, 1180000, N'445d8073-2242-eb11-b636-107d1a1cf728')
GO
INSERT [dbo].[CTPX] ([MAPX], [MAVT], [SOLUONG], [DONGIA], [rowguid]) VALUES (N'PX25    ', N'DL03', 10, 21450000, N'2dfe4066-2242-eb11-b636-107d1a1cf728')
GO
INSERT [dbo].[CTPX] ([MAPX], [MAVT], [SOLUONG], [DONGIA], [rowguid]) VALUES (N'PX25    ', N'LS02', 2, 12990000, N'fc855b4f-2242-eb11-b636-107d1a1cf728')
GO
INSERT [dbo].[CTPX] ([MAPX], [MAVT], [SOLUONG], [DONGIA], [rowguid]) VALUES (N'PX25    ', N'OC02', 2, 1920000, N'e89c9c3d-2242-eb11-b636-107d1a1cf728')
GO
INSERT [dbo].[CTPX] ([MAPX], [MAVT], [SOLUONG], [DONGIA], [rowguid]) VALUES (N'PX25    ', N'PS4P', 1, 8990000, N'742c8722-2242-eb11-b636-107d1a1cf728')
GO
INSERT [dbo].[CTPX] ([MAPX], [MAVT], [SOLUONG], [DONGIA], [rowguid]) VALUES (N'PX25    ', N'PS5D', 1, 27990000, N'6fec842e-2242-eb11-b636-107d1a1cf728')
GO
INSERT [dbo].[CTPX] ([MAPX], [MAVT], [SOLUONG], [DONGIA], [rowguid]) VALUES (N'PX27    ', N'MC06', 1, 455000, N'd8810f92-2242-eb11-b636-107d1a1cf728')
GO
INSERT [dbo].[CTPX] ([MAPX], [MAVT], [SOLUONG], [DONGIA], [rowguid]) VALUES (N'PX27    ', N'RA02', 4, 2440000, N'655879bb-2242-eb11-b636-107d1a1cf728')
GO
INSERT [dbo].[CTPX] ([MAPX], [MAVT], [SOLUONG], [DONGIA], [rowguid]) VALUES (N'PX27    ', N'SG20', 4, 22900000, N'77615aa9-2242-eb11-b636-107d1a1cf728')
GO
INSERT [dbo].[CTPX] ([MAPX], [MAVT], [SOLUONG], [DONGIA], [rowguid]) VALUES (N'PX29    ', N'SDP1', 3, 265000, N'1b1ee8da-2242-eb11-b636-107d1a1cf728')
GO
INSERT [dbo].[CTPX] ([MAPX], [MAVT], [SOLUONG], [DONGIA], [rowguid]) VALUES (N'PX30    ', N'MS01', 2, 480000, N'816065f9-2242-eb11-b636-107d1a1cf728')
GO
INSERT [dbo].[CTPX] ([MAPX], [MAVT], [SOLUONG], [DONGIA], [rowguid]) VALUES (N'PX30    ', N'MU06', 2, 300000, N'4243b3eb-2242-eb11-b636-107d1a1cf728')
GO
INSERT [dbo].[CTPX] ([MAPX], [MAVT], [SOLUONG], [DONGIA], [rowguid]) VALUES (N'PX33    ', N'DG02', 1, 1250000, N'9a2a7916-2342-eb11-b636-107d1a1cf728')
GO
INSERT [dbo].[CTPX] ([MAPX], [MAVT], [SOLUONG], [DONGIA], [rowguid]) VALUES (N'PX33    ', N'LB01', 2, 4990000, N'4986d33e-2342-eb11-b636-107d1a1cf728')
GO
INSERT [dbo].[CTPX] ([MAPX], [MAVT], [SOLUONG], [DONGIA], [rowguid]) VALUES (N'PX34    ', N'MB14', 1, 13500000, N'b919d48b-2342-eb11-b636-107d1a1cf728')
GO
INSERT [dbo].[CTPX] ([MAPX], [MAVT], [SOLUONG], [DONGIA], [rowguid]) VALUES (N'PX34    ', N'MQ04', 2, 8890000, N'3d8e8c5d-2342-eb11-b636-107d1a1cf728')
GO
INSERT [dbo].[CTPX] ([MAPX], [MAVT], [SOLUONG], [DONGIA], [rowguid]) VALUES (N'PX34    ', N'SDP1', 2, 265000, N'9ec9bc7d-2342-eb11-b636-107d1a1cf728')
GO
INSERT [dbo].[CTPX] ([MAPX], [MAVT], [SOLUONG], [DONGIA], [rowguid]) VALUES (N'PX34    ', N'TN03', 4, 132000, N'64363471-2342-eb11-b636-107d1a1cf728')
GO
INSERT [dbo].[CTPX] ([MAPX], [MAVT], [SOLUONG], [DONGIA], [rowguid]) VALUES (N'PX37    ', N'FG02', 10, 856000, N'3dbb7341-2442-eb11-b636-107d1a1cf728')
GO
INSERT [dbo].[CTPX] ([MAPX], [MAVT], [SOLUONG], [DONGIA], [rowguid]) VALUES (N'PX37    ', N'IP01', 10, 39990000, N'44e6c2b5-2342-eb11-b636-107d1a1cf728')
GO
INSERT [dbo].[CTPX] ([MAPX], [MAVT], [SOLUONG], [DONGIA], [rowguid]) VALUES (N'PX37    ', N'LB08', 3, 2690000, N'ee7d39e8-2342-eb11-b636-107d1a1cf728')
GO
INSERT [dbo].[CTPX] ([MAPX], [MAVT], [SOLUONG], [DONGIA], [rowguid]) VALUES (N'PX39    ', N'AP01', 2, 5250000, N'b48b3893-2442-eb11-b636-107d1a1cf728')
GO
INSERT [dbo].[CTPX] ([MAPX], [MAVT], [SOLUONG], [DONGIA], [rowguid]) VALUES (N'PX39    ', N'CC01', 4, 207000, N'd07824b4-2442-eb11-b636-107d1a1cf728')
GO
INSERT [dbo].[CTPX] ([MAPX], [MAVT], [SOLUONG], [DONGIA], [rowguid]) VALUES (N'PX39    ', N'MB14', 2, 13500000, N'e611b27d-2442-eb11-b636-107d1a1cf728')
GO
INSERT [dbo].[CTPX] ([MAPX], [MAVT], [SOLUONG], [DONGIA], [rowguid]) VALUES (N'PX39    ', N'MSF2', 3, 30000000, N'89932e6f-2442-eb11-b636-107d1a1cf728')
GO
INSERT [dbo].[CTPX] ([MAPX], [MAVT], [SOLUONG], [DONGIA], [rowguid]) VALUES (N'PX39    ', N'TL03', 8, 25690000, N'12c1df60-2442-eb11-b636-107d1a1cf728')
GO
INSERT [dbo].[CTPX] ([MAPX], [MAVT], [SOLUONG], [DONGIA], [rowguid]) VALUES (N'PX39    ', N'TV05', 4, 18400000, N'7dd7c99e-2442-eb11-b636-107d1a1cf728')
GO
INSERT [dbo].[CTPX] ([MAPX], [MAVT], [SOLUONG], [DONGIA], [rowguid]) VALUES (N'PX42    ', N'CO04', 12, 420000, N'31d7e0df-2442-eb11-b636-107d1a1cf728')
GO
INSERT [dbo].[CTPX] ([MAPX], [MAVT], [SOLUONG], [DONGIA], [rowguid]) VALUES (N'PX42    ', N'MSF1', 8, 49000000, N'1950adca-2442-eb11-b636-107d1a1cf728')
GO
INSERT [dbo].[DatHang] ([MasoDDH], [NGAY], [NhaCC], [MANV], [MAKHO], [rowguid]) VALUES (N'MDDH01  ', CAST(N'2017-01-15' AS Date), N'CTY Điện máy xanh', 1, N'K1N1', N'74de50db-ac0c-eb11-b5d6-107d1a1cf728')
GO
INSERT [dbo].[DatHang] ([MasoDDH], [NGAY], [NhaCC], [MANV], [MAKHO], [rowguid]) VALUES (N'MDDH02  ', CAST(N'2017-02-17' AS Date), N'Panasonic Corp.', 1, N'K1N1', N'75de50db-ac0c-eb11-b5d6-107d1a1cf728')
GO
INSERT [dbo].[DatHang] ([MasoDDH], [NGAY], [NhaCC], [MANV], [MAKHO], [rowguid]) VALUES (N'MDDH03  ', CAST(N'2017-02-22' AS Date), N'Samsung Group', 3, N'K3N1', N'76de50db-ac0c-eb11-b5d6-107d1a1cf728')
GO
INSERT [dbo].[DatHang] ([MasoDDH], [NGAY], [NhaCC], [MANV], [MAKHO], [rowguid]) VALUES (N'MDDH04  ', CAST(N'2017-03-08' AS Date), N'Sony Corp.', 5, N'K2N1', N'2144b48d-d62f-eb11-b610-107d1a1cf728')
GO
INSERT [dbo].[DatHang] ([MasoDDH], [NGAY], [NhaCC], [MANV], [MAKHO], [rowguid]) VALUES (N'MDDH05  ', CAST(N'2020-09-15' AS Date), N'Panasonic Corp.', 2, N'K2N2', N'7704c244-a72d-eb11-b60d-107d1a1cf728')
GO
INSERT [dbo].[DatHang] ([MasoDDH], [NGAY], [NhaCC], [MANV], [MAKHO], [rowguid]) VALUES (N'MDDH06  ', CAST(N'2017-04-07' AS Date), N'Square Enix Co.', 5, N'K3N1', N'56479b09-1130-eb11-b610-107d1a1cf728')
GO
INSERT [dbo].[DatHang] ([MasoDDH], [NGAY], [NhaCC], [MANV], [MAKHO], [rowguid]) VALUES (N'MDDH07  ', CAST(N'2017-05-12' AS Date), N'Samsung Group', 5, N'K5N1', N'40e62c4a-1130-eb11-b610-107d1a1cf728')
GO
INSERT [dbo].[DatHang] ([MasoDDH], [NGAY], [NhaCC], [MANV], [MAKHO], [rowguid]) VALUES (N'MDDH09  ', CAST(N'2017-05-27' AS Date), N'SK Hynix Inc.', 5, N'K4N1', N'382d3912-2a30-eb11-b610-107d1a1cf728')
GO
INSERT [dbo].[DatHang] ([MasoDDH], [NGAY], [NhaCC], [MANV], [MAKHO], [rowguid]) VALUES (N'MDDH10  ', CAST(N'2017-06-14' AS Date), N'LG Corp.', 1, N'K2N1', N'36279f2a-3c37-eb11-b61a-107d1a1cf728')
GO
INSERT [dbo].[DatHang] ([MasoDDH], [NGAY], [NhaCC], [MANV], [MAKHO], [rowguid]) VALUES (N'MDDH12  ', CAST(N'2017-08-18' AS Date), N'Samsung Group', 3, N'K4N1', N'a95e4156-3c37-eb11-b61a-107d1a1cf728')
GO
INSERT [dbo].[DatHang] ([MasoDDH], [NGAY], [NhaCC], [MANV], [MAKHO], [rowguid]) VALUES (N'MDDH13  ', CAST(N'2017-11-19' AS Date), N'Sony Corp.', 3, N'K3N1', N'e4fcfc70-3c37-eb11-b61a-107d1a1cf728')
GO
INSERT [dbo].[DatHang] ([MasoDDH], [NGAY], [NhaCC], [MANV], [MAKHO], [rowguid]) VALUES (N'MDDH14  ', CAST(N'2018-03-05' AS Date), N'Microsoft Corp.', 5, N'K4N1', N'51155025-2a30-eb11-b610-107d1a1cf728')
GO
INSERT [dbo].[DatHang] ([MasoDDH], [NGAY], [NhaCC], [MANV], [MAKHO], [rowguid]) VALUES (N'MDDH15  ', CAST(N'2020-11-12' AS Date), N'Samsung Group', 4, N'K1N2', N'cbd78b33-8431-eb11-b611-107d1a1cf728')
GO
INSERT [dbo].[DatHang] ([MasoDDH], [NGAY], [NhaCC], [MANV], [MAKHO], [rowguid]) VALUES (N'MDDH19  ', CAST(N'2018-03-28' AS Date), N'Riot Games, Inc.', 5, N'K4N1', N'24c81a93-ac30-eb11-b610-107d1a1cf728')
GO
INSERT [dbo].[DatHang] ([MasoDDH], [NGAY], [NhaCC], [MANV], [MAKHO], [rowguid]) VALUES (N'MDDH20  ', CAST(N'2020-11-24' AS Date), N'Dell Inc.', 2, N'K2N2', N'b626c632-8f31-eb11-b611-107d1a1cf728')
GO
INSERT [dbo].[DatHang] ([MasoDDH], [NGAY], [NhaCC], [MANV], [MAKHO], [rowguid]) VALUES (N'MDDH21  ', CAST(N'2018-05-04' AS Date), N'PTIT', 1, N'K5N1', N'8b763304-3736-eb11-b619-107d1a1cf728')
GO
INSERT [dbo].[DatHang] ([MasoDDH], [NGAY], [NhaCC], [MANV], [MAKHO], [rowguid]) VALUES (N'MDDH22  ', CAST(N'2018-06-18' AS Date), N'Dell Inc.', 3, N'K4N1', N'3c18f823-cf36-eb11-b61a-107d1a1cf728')
GO
INSERT [dbo].[DatHang] ([MasoDDH], [NGAY], [NhaCC], [MANV], [MAKHO], [rowguid]) VALUES (N'MDDH23  ', CAST(N'2018-10-20' AS Date), N'Apple Inc.', 5, N'K5N1', N'809fd962-d136-eb11-b61a-107d1a1cf728')
GO
INSERT [dbo].[DatHang] ([MasoDDH], [NGAY], [NhaCC], [MANV], [MAKHO], [rowguid]) VALUES (N'MDDH24  ', CAST(N'2019-01-07' AS Date), N'LG Corp.', 5, N'K6N1', N'eae30bd2-d236-eb11-b61a-107d1a1cf728')
GO
INSERT [dbo].[DatHang] ([MasoDDH], [NGAY], [NhaCC], [MANV], [MAKHO], [rowguid]) VALUES (N'MDDH25  ', CAST(N'2020-12-05' AS Date), N'SK Hynix Inc.', 4, N'K3N2', N'159e32d9-df36-eb11-b61a-107d1a1cf728')
GO
INSERT [dbo].[DatHang] ([MasoDDH], [NGAY], [NhaCC], [MANV], [MAKHO], [rowguid]) VALUES (N'MDDH26  ', CAST(N'2019-04-14' AS Date), N'Apple Inc.', 5, N'K4N1', N'a3a6e092-b53d-eb11-b628-107d1a1cf728')
GO
INSERT [dbo].[DatHang] ([MasoDDH], [NGAY], [NhaCC], [MANV], [MAKHO], [rowguid]) VALUES (N'MDDH27  ', CAST(N'2019-07-07' AS Date), N'Samsung Group', 1, N'K3N1', N'ef807650-9140-eb11-b633-107d1a1cf728')
GO
INSERT [dbo].[DatHang] ([MasoDDH], [NGAY], [NhaCC], [MANV], [MAKHO], [rowguid]) VALUES (N'MDDH28  ', CAST(N'2019-07-24' AS Date), N'Sony Corp.', 3, N'K3N1', N'732a9d6f-9140-eb11-b633-107d1a1cf728')
GO
INSERT [dbo].[DatHang] ([MasoDDH], [NGAY], [NhaCC], [MANV], [MAKHO], [rowguid]) VALUES (N'MDDH30  ', CAST(N'2019-11-09' AS Date), N'LG Corp.', 5, N'K4N1', N'8e8d0bbb-9140-eb11-b633-107d1a1cf728')
GO
INSERT [dbo].[DatHang] ([MasoDDH], [NGAY], [NhaCC], [MANV], [MAKHO], [rowguid]) VALUES (N'MDDH31  ', CAST(N'2020-01-07' AS Date), N'Microsoft Corp.', 5, N'K2N1', N'912193e2-9140-eb11-b633-107d1a1cf728')
GO
INSERT [dbo].[DatHang] ([MasoDDH], [NGAY], [NhaCC], [MANV], [MAKHO], [rowguid]) VALUES (N'MDDH33  ', CAST(N'2020-01-18' AS Date), N'Microsoft Corp.', 5, N'K2N1', N'92fcb43d-9240-eb11-b633-107d1a1cf728')
GO
INSERT [dbo].[DatHang] ([MasoDDH], [NGAY], [NhaCC], [MANV], [MAKHO], [rowguid]) VALUES (N'MDDH34  ', CAST(N'2020-02-05' AS Date), N'Samsung Group', 5, N'K3N1', N'48a1c468-9240-eb11-b633-107d1a1cf728')
GO
INSERT [dbo].[DatHang] ([MasoDDH], [NGAY], [NhaCC], [MANV], [MAKHO], [rowguid]) VALUES (N'MDDH35  ', CAST(N'2020-03-08' AS Date), N'LG Corp.', 1, N'K1N1', N'ebdb5186-9240-eb11-b633-107d1a1cf728')
GO
INSERT [dbo].[DatHang] ([MasoDDH], [NGAY], [NhaCC], [MANV], [MAKHO], [rowguid]) VALUES (N'MDDH38  ', CAST(N'2020-03-29' AS Date), N'Dell Inc.', 3, N'K3N1', N'e54e19be-9240-eb11-b633-107d1a1cf728')
GO
INSERT [dbo].[DatHang] ([MasoDDH], [NGAY], [NhaCC], [MANV], [MAKHO], [rowguid]) VALUES (N'MDDH42  ', CAST(N'2020-06-10' AS Date), N'Microsoft Corp.', 5, N'K2N1', N'49b54df6-9240-eb11-b633-107d1a1cf728')
GO
INSERT [dbo].[DatHang] ([MasoDDH], [NGAY], [NhaCC], [MANV], [MAKHO], [rowguid]) VALUES (N'MDDH43  ', CAST(N'2020-07-13' AS Date), N'Riot Games, Inc.', 5, N'K2N1', N'c905cb0c-9340-eb11-b633-107d1a1cf728')
GO
INSERT [dbo].[DatHang] ([MasoDDH], [NGAY], [NhaCC], [MANV], [MAKHO], [rowguid]) VALUES (N'MDDH48  ', CAST(N'2020-08-04' AS Date), N'SK Hynix Inc.', 5, N'K4N1', N'06402333-9340-eb11-b633-107d1a1cf728')
GO
INSERT [dbo].[DatHang] ([MasoDDH], [NGAY], [NhaCC], [MANV], [MAKHO], [rowguid]) VALUES (N'MDDH49  ', CAST(N'2020-09-06' AS Date), N'Apple Inc.', 5, N'K4N1', N'2321824e-9340-eb11-b633-107d1a1cf728')
GO
INSERT [dbo].[DatHang] ([MasoDDH], [NGAY], [NhaCC], [MANV], [MAKHO], [rowguid]) VALUES (N'MDDH51  ', CAST(N'2020-10-10' AS Date), N'Panasonic Corp.', 5, N'K2N1', N'42f17965-9340-eb11-b633-107d1a1cf728')
GO
INSERT [dbo].[DatHang] ([MasoDDH], [NGAY], [NhaCC], [MANV], [MAKHO], [rowguid]) VALUES (N'MDDH55  ', CAST(N'2020-11-20' AS Date), N'Sony Corp.', 5, N'K2N1', N'09286f9b-9340-eb11-b633-107d1a1cf728')
GO
INSERT [dbo].[DatHang] ([MasoDDH], [NGAY], [NhaCC], [MANV], [MAKHO], [rowguid]) VALUES (N'MDDH56  ', CAST(N'2020-12-20' AS Date), N'Samsung Group', 5, N'K2N1', N'995482ac-9340-eb11-b633-107d1a1cf728')
GO
INSERT [dbo].[Kho] ([MAKHO], [TENKHO], [DIACHI], [MACN], [rowguid]) VALUES (N'K1N1', N'Kho A1', N'11 Nguyễn Đình Chiểu, Đa Kao, Quận 1, TPHCM', N'CN1       ', N'66de50db-ac0c-eb11-b5d6-107d1a1cf728')
GO
INSERT [dbo].[Kho] ([MAKHO], [TENKHO], [DIACHI], [MACN], [rowguid]) VALUES (N'K1N2', N'LONG PHU', N'127 Ngô Thì Nhậm', N'CN2       ', N'6bde50db-ac0c-eb11-b5d6-107d1a1cf728')
GO
INSERT [dbo].[Kho] ([MAKHO], [TENKHO], [DIACHI], [MACN], [rowguid]) VALUES (N'K2N1', N'Kho B1', N'999 Liên tỉnh lộ 25B, phường Thạnh Mỹ Lợi, Quận 2, TPHCM', N'CN1       ', N'67de50db-ac0c-eb11-b5d6-107d1a1cf728')
GO
INSERT [dbo].[Kho] ([MAKHO], [TENKHO], [DIACHI], [MACN], [rowguid]) VALUES (N'K2N2', N'KHO VT', N'23,Hoàng Diệu 2', N'CN2       ', N'69de50db-ac0c-eb11-b5d6-107d1a1cf728')
GO
INSERT [dbo].[Kho] ([MAKHO], [TENKHO], [DIACHI], [MACN], [rowguid]) VALUES (N'K3N1', N'Kho Công nghiệp', N'555 Trần Hưng Đạo', N'CN1       ', N'65de50db-ac0c-eb11-b5d6-107d1a1cf728')
GO
INSERT [dbo].[Kho] ([MAKHO], [TENKHO], [DIACHI], [MACN], [rowguid]) VALUES (N'K3N2', N'KHO XD', N'34,Quang Trung THủ Đức TPHCM', N'CN2       ', N'6ade50db-ac0c-eb11-b5d6-107d1a1cf728')
GO
INSERT [dbo].[Kho] ([MAKHO], [TENKHO], [DIACHI], [MACN], [rowguid]) VALUES (N'K4N1', N'Kho C1', N'134 Đình Phong Phú ,Quận 9,TPHCM', N'CN1       ', N'68de50db-ac0c-eb11-b5d6-107d1a1cf728')
GO
INSERT [dbo].[Kho] ([MAKHO], [TENKHO], [DIACHI], [MACN], [rowguid]) VALUES (N'K5N1', N'Kho D1', N'97 Đường Man Thiện, Hiệp Phú, Quận 9, TPHCM', N'CN1       ', N'19d5f0cc-542e-eb11-b60e-107d1a1cf728')
GO
INSERT [dbo].[Kho] ([MAKHO], [TENKHO], [DIACHI], [MACN], [rowguid]) VALUES (N'K6N1', N'Kho Q8', N'04 đường Dương Quang Đông, Phường 5, Quận 8, TPHCM', N'CN1       ', N'269893d8-fd32-eb11-b615-107d1a1cf728')
GO
INSERT [dbo].[Kho] ([MAKHO], [TENKHO], [DIACHI], [MACN], [rowguid]) VALUES (N'K7N1', N'Kho quản trị', N'387A Trường Chinh, Phường 14, Quận Tân Bình, TPHCM', N'CN1       ', N'e48ebc97-ff32-eb11-b615-107d1a1cf728')
GO
INSERT [dbo].[NhanVien] ([MANV], [HO], [TEN], [DIACHI], [NGAYSINH], [LUONG], [MACN], [rowguid]) VALUES (1, N'Lương', N'Trang', N'Thủ Đức', CAST(N'2000-05-19T00:00:00.000' AS DateTime), 7000000, N'CN1       ', N'6cde50db-ac0c-eb11-b5d6-107d1a1cf728')
GO
INSERT [dbo].[NhanVien] ([MANV], [HO], [TEN], [DIACHI], [NGAYSINH], [LUONG], [MACN], [rowguid]) VALUES (2, N'Nguyễn', N'Hà', N'Quận 9', CAST(N'2001-03-05T00:00:00.000' AS DateTime), 4000000, N'CN2       ', N'6dde50db-ac0c-eb11-b5d6-107d1a1cf728')
GO
INSERT [dbo].[NhanVien] ([MANV], [HO], [TEN], [DIACHI], [NGAYSINH], [LUONG], [MACN], [rowguid]) VALUES (3, N'Trần', N'Thanh', N'Quận 10', CAST(N'1994-07-04T00:00:00.000' AS DateTime), 5000000, N'CN1       ', N'6ede50db-ac0c-eb11-b5d6-107d1a1cf728')
GO
INSERT [dbo].[NhanVien] ([MANV], [HO], [TEN], [DIACHI], [NGAYSINH], [LUONG], [MACN], [rowguid]) VALUES (4, N'Hồ', N'Thái', N'Bình Thạnh', CAST(N'2001-02-05T00:00:00.000' AS DateTime), 6000000, N'CN2       ', N'70de50db-ac0c-eb11-b5d6-107d1a1cf728')
GO
INSERT [dbo].[NhanVien] ([MANV], [HO], [TEN], [DIACHI], [NGAYSINH], [LUONG], [MACN], [rowguid]) VALUES (5, N'Thái', N'Hà', N'Quận 6', CAST(N'2001-07-06T00:00:00.000' AS DateTime), 7000000, N'CN1       ', N'6fde50db-ac0c-eb11-b5d6-107d1a1cf728')
GO
INSERT [dbo].[NhanVien] ([MANV], [HO], [TEN], [DIACHI], [NGAYSINH], [LUONG], [MACN], [rowguid]) VALUES (6, N'Lê', N'Trà', N'Phú Nhuận', CAST(N'1996-03-07T00:00:00.000' AS DateTime), 7000000, N'CN2       ', N'72de50db-ac0c-eb11-b5d6-107d1a1cf728')
GO
INSERT [dbo].[NhanVien] ([MANV], [HO], [TEN], [DIACHI], [NGAYSINH], [LUONG], [MACN], [rowguid]) VALUES (7, N'Hà', N'An', N'Gò Vấp', CAST(N'1996-04-06T00:00:00.000' AS DateTime), 5000000, N'CN1       ', N'71de50db-ac0c-eb11-b5d6-107d1a1cf728')
GO
INSERT [dbo].[NhanVien] ([MANV], [HO], [TEN], [DIACHI], [NGAYSINH], [LUONG], [MACN], [rowguid]) VALUES (8, N'Trương', N'Tú', N'Quận 1', CAST(N'1996-06-09T00:00:00.000' AS DateTime), 8690000, N'CN2       ', N'de2d143e-4c40-eb11-b633-107d1a1cf728')
GO
INSERT [dbo].[NhanVien] ([MANV], [HO], [TEN], [DIACHI], [NGAYSINH], [LUONG], [MACN], [rowguid]) VALUES (9, N'Nguyễn', N'Trường', N'Quận 1', CAST(N'2000-07-07T00:00:00.000' AS DateTime), 9000000, N'CN1       ', N'12aaf8b9-1224-eb11-b5fd-107d1a1cf728')
GO
INSERT [dbo].[NhanVien] ([MANV], [HO], [TEN], [DIACHI], [NGAYSINH], [LUONG], [MACN], [rowguid]) VALUES (11, N'Nguyễn', N'Hợp', N'Thủ Đức', CAST(N'1997-07-06T00:00:00.000' AS DateTime), 8000000, N'CN1       ', N'73de50db-ac0c-eb11-b5d6-107d1a1cf728')
GO
INSERT [dbo].[NhanVien] ([MANV], [HO], [TEN], [DIACHI], [NGAYSINH], [LUONG], [MACN], [rowguid]) VALUES (13, N'Lê', N'Huy', N'Đồng Nai', CAST(N'1999-08-10T00:00:00.000' AS DateTime), 9000000, N'CN1       ', N'bf458d2f-cc24-eb11-b5fe-107d1a1cf728')
GO
INSERT [dbo].[NhanVien] ([MANV], [HO], [TEN], [DIACHI], [NGAYSINH], [LUONG], [MACN], [rowguid]) VALUES (17, N'Đinh', N'Ân', N'Quận 9', CAST(N'1999-04-04T00:00:00.000' AS DateTime), 6969969, N'CN1       ', N'53916109-1324-eb11-b5fd-107d1a1cf728')
GO
INSERT [dbo].[NhanVien] ([MANV], [HO], [TEN], [DIACHI], [NGAYSINH], [LUONG], [MACN], [rowguid]) VALUES (19, N'Chu', N'An', N'Quận Bình Thạnh', CAST(N'1998-11-27T00:00:00.000' AS DateTime), 9600000, N'CN1       ', N'170ffea0-2036-eb11-b619-107d1a1cf728')
GO
INSERT [dbo].[NhanVien] ([MANV], [HO], [TEN], [DIACHI], [NGAYSINH], [LUONG], [MACN], [rowguid]) VALUES (21, N'Phan', N'Trung', N'Quận 2', CAST(N'1989-02-26T00:00:00.000' AS DateTime), 6333333, N'CN1       ', N'877a8f22-4a36-eb11-b619-107d1a1cf728')
GO
INSERT [dbo].[NhanVien] ([MANV], [HO], [TEN], [DIACHI], [NGAYSINH], [LUONG], [MACN], [rowguid]) VALUES (23, N'Nguyễn', N'Trang', N'Củ Chi', CAST(N'2001-07-14T00:00:00.000' AS DateTime), 9000000, N'CN1       ', N'13409b42-4a36-eb11-b619-107d1a1cf728')
GO
INSERT [dbo].[NhanVien] ([MANV], [HO], [TEN], [DIACHI], [NGAYSINH], [LUONG], [MACN], [rowguid]) VALUES (25, N'Nguyễn', N'Vy', N'Đồng Nai', CAST(N'1999-04-22T00:00:00.000' AS DateTime), 11000000, N'CN1       ', N'1b429380-4a36-eb11-b619-107d1a1cf728')
GO
INSERT [dbo].[NhanVien] ([MANV], [HO], [TEN], [DIACHI], [NGAYSINH], [LUONG], [MACN], [rowguid]) VALUES (27, N'Phan', N'Bình', N'Phú Nhuận', CAST(N'1995-10-23T00:00:00.000' AS DateTime), 8500000, N'CN1       ', N'59f5dbb3-4a36-eb11-b619-107d1a1cf728')
GO
INSERT [dbo].[PhieuNhap] ([MAPN], [NGAY], [MasoDDH], [MANV], [MAKHO], [rowguid]) VALUES (N'PN01    ', CAST(N'2017-01-17' AS Date), N'MDDH01  ', 1, N'K1N1', N'7ade50db-ac0c-eb11-b5d6-107d1a1cf728')
GO
INSERT [dbo].[PhieuNhap] ([MAPN], [NGAY], [MasoDDH], [MANV], [MAKHO], [rowguid]) VALUES (N'PN02    ', CAST(N'2017-02-20' AS Date), N'MDDH02  ', 5, N'K1N1', N'bf950e7e-1c41-eb11-b634-107d1a1cf728')
GO
INSERT [dbo].[PhieuNhap] ([MAPN], [NGAY], [MasoDDH], [MANV], [MAKHO], [rowguid]) VALUES (N'PN03    ', CAST(N'2017-02-24' AS Date), N'MDDH03  ', 3, N'K3N1', N'7bde50db-ac0c-eb11-b5d6-107d1a1cf728')
GO
INSERT [dbo].[PhieuNhap] ([MAPN], [NGAY], [MasoDDH], [MANV], [MAKHO], [rowguid]) VALUES (N'PN04    ', CAST(N'2017-03-12' AS Date), N'MDDH04  ', 5, N'K2N1', N'eebf4437-3637-eb11-b61a-107d1a1cf728')
GO
INSERT [dbo].[PhieuNhap] ([MAPN], [NGAY], [MasoDDH], [MANV], [MAKHO], [rowguid]) VALUES (N'PN05    ', CAST(N'2018-09-27' AS Date), N'MDDH05  ', 2, N'K2N2', N'ca089dc8-6c31-eb11-b611-107d1a1cf728')
GO
INSERT [dbo].[PhieuNhap] ([MAPN], [NGAY], [MasoDDH], [MANV], [MAKHO], [rowguid]) VALUES (N'PN06    ', CAST(N'2017-04-10' AS Date), N'MDDH06  ', 5, N'K2N1', N'58542b75-ac3b-eb11-b621-107d1a1cf728')
GO
INSERT [dbo].[PhieuNhap] ([MAPN], [NGAY], [MasoDDH], [MANV], [MAKHO], [rowguid]) VALUES (N'PN07    ', CAST(N'2017-05-18' AS Date), N'MDDH07  ', 5, N'K5N1', N'ca34566c-3e37-eb11-b61a-107d1a1cf728')
GO
INSERT [dbo].[PhieuNhap] ([MAPN], [NGAY], [MasoDDH], [MANV], [MAKHO], [rowguid]) VALUES (N'PN10    ', CAST(N'2017-06-15' AS Date), N'MDDH10  ', 1, N'K2N1', N'478146f4-4137-eb11-b61a-107d1a1cf728')
GO
INSERT [dbo].[PhieuNhap] ([MAPN], [NGAY], [MasoDDH], [MANV], [MAKHO], [rowguid]) VALUES (N'PN12    ', CAST(N'2017-08-22' AS Date), N'MDDH12  ', 3, N'K4N1', N'9107be44-ab40-eb11-b633-107d1a1cf728')
GO
INSERT [dbo].[PhieuNhap] ([MAPN], [NGAY], [MasoDDH], [MANV], [MAKHO], [rowguid]) VALUES (N'PN13    ', CAST(N'2017-11-22' AS Date), N'MDDH13  ', 3, N'K3N1', N'c7039b60-af40-eb11-b633-107d1a1cf728')
GO
INSERT [dbo].[PhieuNhap] ([MAPN], [NGAY], [MasoDDH], [MANV], [MAKHO], [rowguid]) VALUES (N'PN14    ', CAST(N'2018-03-09' AS Date), N'MDDH14  ', 5, N'K4N1', N'4fe6b1df-1241-eb11-b634-107d1a1cf728')
GO
INSERT [dbo].[PhieuNhap] ([MAPN], [NGAY], [MasoDDH], [MANV], [MAKHO], [rowguid]) VALUES (N'PN15    ', CAST(N'2020-11-28' AS Date), N'MDDH15  ', 4, N'K1N2', N'3f33cf41-8431-eb11-b611-107d1a1cf728')
GO
INSERT [dbo].[PhieuNhap] ([MAPN], [NGAY], [MasoDDH], [MANV], [MAKHO], [rowguid]) VALUES (N'PN19    ', CAST(N'2018-03-31' AS Date), N'MDDH19  ', 5, N'K4N1', N'662d6ba0-1341-eb11-b634-107d1a1cf728')
GO
INSERT [dbo].[PhieuNhap] ([MAPN], [NGAY], [MasoDDH], [MANV], [MAKHO], [rowguid]) VALUES (N'PN20    ', CAST(N'2020-11-06' AS Date), N'MDDH20  ', 2, N'K3N2', N'd817ae7b-e03a-eb11-b620-107d1a1cf728')
GO
INSERT [dbo].[PhieuNhap] ([MAPN], [NGAY], [MasoDDH], [MANV], [MAKHO], [rowguid]) VALUES (N'PN22    ', CAST(N'2018-06-19' AS Date), N'MDDH22  ', 3, N'K1N1', N'14090875-1441-eb11-b634-107d1a1cf728')
GO
INSERT [dbo].[PhieuNhap] ([MAPN], [NGAY], [MasoDDH], [MANV], [MAKHO], [rowguid]) VALUES (N'PN23    ', CAST(N'2018-10-26' AS Date), N'MDDH23  ', 5, N'K1N1', N'b75d35c8-1441-eb11-b634-107d1a1cf728')
GO
INSERT [dbo].[PhieuNhap] ([MAPN], [NGAY], [MasoDDH], [MANV], [MAKHO], [rowguid]) VALUES (N'PN24    ', CAST(N'2019-01-11' AS Date), N'MDDH24  ', 5, N'K6N1', N'49a66722-1541-eb11-b634-107d1a1cf728')
GO
INSERT [dbo].[PhieuNhap] ([MAPN], [NGAY], [MasoDDH], [MANV], [MAKHO], [rowguid]) VALUES (N'PN27    ', CAST(N'2019-07-12' AS Date), N'MDDH27  ', 1, N'K3N1', N'bc0a98f7-1541-eb11-b634-107d1a1cf728')
GO
INSERT [dbo].[PhieuNhap] ([MAPN], [NGAY], [MasoDDH], [MANV], [MAKHO], [rowguid]) VALUES (N'PN28    ', CAST(N'2019-07-25' AS Date), N'MDDH28  ', 3, N'K3N1', N'8f9e927a-1641-eb11-b634-107d1a1cf728')
GO
INSERT [dbo].[PhieuNhap] ([MAPN], [NGAY], [MasoDDH], [MANV], [MAKHO], [rowguid]) VALUES (N'PN31    ', CAST(N'2020-01-14' AS Date), N'MDDH31  ', 5, N'K2N1', N'18d2c2b1-1641-eb11-b634-107d1a1cf728')
GO
INSERT [dbo].[PhieuNhap] ([MAPN], [NGAY], [MasoDDH], [MANV], [MAKHO], [rowguid]) VALUES (N'PN33    ', CAST(N'2020-01-28' AS Date), N'MDDH33  ', 5, N'K2N1', N'93d57004-1741-eb11-b634-107d1a1cf728')
GO
INSERT [dbo].[PhieuNhap] ([MAPN], [NGAY], [MasoDDH], [MANV], [MAKHO], [rowguid]) VALUES (N'PN35    ', CAST(N'2020-03-11' AS Date), N'MDDH35  ', 1, N'K1N1', N'877bb71a-1941-eb11-b634-107d1a1cf728')
GO
INSERT [dbo].[PhieuNhap] ([MAPN], [NGAY], [MasoDDH], [MANV], [MAKHO], [rowguid]) VALUES (N'PN38    ', CAST(N'2020-03-31' AS Date), N'MDDH38  ', 3, N'K3N1', N'755daf52-1941-eb11-b634-107d1a1cf728')
GO
INSERT [dbo].[PhieuNhap] ([MAPN], [NGAY], [MasoDDH], [MANV], [MAKHO], [rowguid]) VALUES (N'PN42    ', CAST(N'2020-06-18' AS Date), N'MDDH42  ', 5, N'K2N1', N'e0cc8597-1941-eb11-b634-107d1a1cf728')
GO
INSERT [dbo].[PhieuNhap] ([MAPN], [NGAY], [MasoDDH], [MANV], [MAKHO], [rowguid]) VALUES (N'PN43    ', CAST(N'2020-07-17' AS Date), N'MDDH43  ', 5, N'K2N1', N'70831ed9-1941-eb11-b634-107d1a1cf728')
GO
INSERT [dbo].[PhieuNhap] ([MAPN], [NGAY], [MasoDDH], [MANV], [MAKHO], [rowguid]) VALUES (N'PN49    ', CAST(N'2020-09-11' AS Date), N'MDDH49  ', 5, N'K4N1', N'8b0be715-1a41-eb11-b634-107d1a1cf728')
GO
INSERT [dbo].[PhieuNhap] ([MAPN], [NGAY], [MasoDDH], [MANV], [MAKHO], [rowguid]) VALUES (N'PN51    ', CAST(N'2020-10-20' AS Date), N'MDDH51  ', 5, N'K2N1', N'824e9726-1a41-eb11-b634-107d1a1cf728')
GO
INSERT [dbo].[PhieuNhap] ([MAPN], [NGAY], [MasoDDH], [MANV], [MAKHO], [rowguid]) VALUES (N'PN55    ', CAST(N'2020-11-26' AS Date), N'MDDH55  ', 5, N'K2N1', N'1cc0bd44-1a41-eb11-b634-107d1a1cf728')
GO
INSERT [dbo].[PhieuXuat] ([MAPX], [NGAY], [HOTENKH], [MANV], [MAKHO], [rowguid]) VALUES (N'PX01    ', CAST(N'2017-01-17' AS Date), N'Nguyễn Thị Ánh Hồng', 5, N'K1N1', N'77de50db-ac0c-eb11-b5d6-107d1a1cf728')
GO
INSERT [dbo].[PhieuXuat] ([MAPX], [NGAY], [HOTENKH], [MANV], [MAKHO], [rowguid]) VALUES (N'PX02    ', CAST(N'2017-02-20' AS Date), N'Trần Thị Mỹ Hà', 5, N'K3N1', N'78de50db-ac0c-eb11-b5d6-107d1a1cf728')
GO
INSERT [dbo].[PhieuXuat] ([MAPX], [NGAY], [HOTENKH], [MANV], [MAKHO], [rowguid]) VALUES (N'PX03    ', CAST(N'2017-09-15' AS Date), N'Trần Bích Phương', 6, N'K1N2', N'79de50db-ac0c-eb11-b5d6-107d1a1cf728')
GO
INSERT [dbo].[PhieuXuat] ([MAPX], [NGAY], [HOTENKH], [MANV], [MAKHO], [rowguid]) VALUES (N'PX04    ', CAST(N'2020-11-29' AS Date), N'Ricardo Milos', 2, N'K2N2', N'684966e7-4432-eb11-b614-107d1a1cf728')
GO
INSERT [dbo].[PhieuXuat] ([MAPX], [NGAY], [HOTENKH], [MANV], [MAKHO], [rowguid]) VALUES (N'PX05    ', CAST(N'2017-02-20' AS Date), N'Donald Trump', 5, N'K5N1', N'ca39620f-7832-eb11-b614-107d1a1cf728')
GO
INSERT [dbo].[PhieuXuat] ([MAPX], [NGAY], [HOTENKH], [MANV], [MAKHO], [rowguid]) VALUES (N'PX06    ', CAST(N'2017-04-10' AS Date), N'Joe Biden', 3, N'K3N1', N'ad3fcdb8-7932-eb11-b614-107d1a1cf728')
GO
INSERT [dbo].[PhieuXuat] ([MAPX], [NGAY], [HOTENKH], [MANV], [MAKHO], [rowguid]) VALUES (N'PX07    ', CAST(N'2017-05-18' AS Date), N'Nguyễn Văn Công', 5, N'K3N1', N'5095ee3e-1242-eb11-b636-107d1a1cf728')
GO
INSERT [dbo].[PhieuXuat] ([MAPX], [NGAY], [HOTENKH], [MANV], [MAKHO], [rowguid]) VALUES (N'PX08    ', CAST(N'2017-08-22' AS Date), N'Trần Văn Cường', 5, N'K4N1', N'b2c325d8-1242-eb11-b636-107d1a1cf728')
GO
INSERT [dbo].[PhieuXuat] ([MAPX], [NGAY], [HOTENKH], [MANV], [MAKHO], [rowguid]) VALUES (N'PX10    ', CAST(N'2017-11-22' AS Date), N'Ricardo Milos', 5, N'K1N1', N'e86990f0-1242-eb11-b636-107d1a1cf728')
GO
INSERT [dbo].[PhieuXuat] ([MAPX], [NGAY], [HOTENKH], [MANV], [MAKHO], [rowguid]) VALUES (N'PX11    ', CAST(N'2018-02-17' AS Date), N'Phan Tấn Trung', 1, N'K2N1', N'2120248f-1642-eb11-b636-107d1a1cf728')
GO
INSERT [dbo].[PhieuXuat] ([MAPX], [NGAY], [HOTENKH], [MANV], [MAKHO], [rowguid]) VALUES (N'PX12    ', CAST(N'2018-03-09' AS Date), N'Trương Tuấn Tú', 5, N'K3N1', N'df0a72a5-1642-eb11-b636-107d1a1cf728')
GO
INSERT [dbo].[PhieuXuat] ([MAPX], [NGAY], [HOTENKH], [MANV], [MAKHO], [rowguid]) VALUES (N'PX13    ', CAST(N'2018-03-31' AS Date), N'Phạm Tuấn Vĩ', 5, N'K3N1', N'7ebcd5ce-1642-eb11-b636-107d1a1cf728')
GO
INSERT [dbo].[PhieuXuat] ([MAPX], [NGAY], [HOTENKH], [MANV], [MAKHO], [rowguid]) VALUES (N'PX19    ', CAST(N'2018-06-19' AS Date), N'Quách Thành Vũ', 5, N'K1N1', N'bf33ff0e-1742-eb11-b636-107d1a1cf728')
GO
INSERT [dbo].[PhieuXuat] ([MAPX], [NGAY], [HOTENKH], [MANV], [MAKHO], [rowguid]) VALUES (N'PX21    ', CAST(N'2019-01-11' AS Date), N'Trịnh Ngọc Anh Tuấn', 1, N'K4N1', N'ad3c5348-1742-eb11-b636-107d1a1cf728')
GO
INSERT [dbo].[PhieuXuat] ([MAPX], [NGAY], [HOTENKH], [MANV], [MAKHO], [rowguid]) VALUES (N'PX22    ', CAST(N'2019-05-05' AS Date), N'John Wick', 5, N'K1N1', N'6f63ce79-1742-eb11-b636-107d1a1cf728')
GO
INSERT [dbo].[PhieuXuat] ([MAPX], [NGAY], [HOTENKH], [MANV], [MAKHO], [rowguid]) VALUES (N'PX24    ', CAST(N'2019-07-12' AS Date), N'Jankos', 5, N'K3N1', N'bb67729b-1742-eb11-b636-107d1a1cf728')
GO
INSERT [dbo].[PhieuXuat] ([MAPX], [NGAY], [HOTENKH], [MANV], [MAKHO], [rowguid]) VALUES (N'PX25    ', CAST(N'2019-07-25' AS Date), N'Nguyễn Anh Dũng', 5, N'K3N1', N'fac588d1-1742-eb11-b636-107d1a1cf728')
GO
INSERT [dbo].[PhieuXuat] ([MAPX], [NGAY], [HOTENKH], [MANV], [MAKHO], [rowguid]) VALUES (N'PX27    ', CAST(N'2020-01-14' AS Date), N'Vũ Quang Đạt', 3, N'K2N1', N'37f2f15c-1842-eb11-b636-107d1a1cf728')
GO
INSERT [dbo].[PhieuXuat] ([MAPX], [NGAY], [HOTENKH], [MANV], [MAKHO], [rowguid]) VALUES (N'PX29    ', CAST(N'2020-01-20' AS Date), N'Trần Quang Hậu', 1, N'K1N1', N'16f5657a-1842-eb11-b636-107d1a1cf728')
GO
INSERT [dbo].[PhieuXuat] ([MAPX], [NGAY], [HOTENKH], [MANV], [MAKHO], [rowguid]) VALUES (N'PX30    ', CAST(N'2020-01-28' AS Date), N'Phan Anh Vũ', 5, N'K3N1', N'a90a5489-1842-eb11-b636-107d1a1cf728')
GO
INSERT [dbo].[PhieuXuat] ([MAPX], [NGAY], [HOTENKH], [MANV], [MAKHO], [rowguid]) VALUES (N'PX33    ', CAST(N'2020-03-11' AS Date), N'Nguyễn Hoàng Long', 5, N'K3N1', N'4e4e879b-1842-eb11-b636-107d1a1cf728')
GO
INSERT [dbo].[PhieuXuat] ([MAPX], [NGAY], [HOTENKH], [MANV], [MAKHO], [rowguid]) VALUES (N'PX34    ', CAST(N'2020-03-20' AS Date), N'Lê Minh Hoàng', 1, N'K1N1', N'1adfaabf-1842-eb11-b636-107d1a1cf728')
GO
INSERT [dbo].[PhieuXuat] ([MAPX], [NGAY], [HOTENKH], [MANV], [MAKHO], [rowguid]) VALUES (N'PX37    ', CAST(N'2020-03-31' AS Date), N'Nguyễn Vũ Long', 5, N'K3N1', N'0fd3ccd1-1842-eb11-b636-107d1a1cf728')
GO
INSERT [dbo].[PhieuXuat] ([MAPX], [NGAY], [HOTENKH], [MANV], [MAKHO], [rowguid]) VALUES (N'PX39    ', CAST(N'2020-10-20' AS Date), N'Nguyễn Hải Đăng', 5, N'K4N1', N'4b6221f2-1842-eb11-b636-107d1a1cf728')
GO
INSERT [dbo].[PhieuXuat] ([MAPX], [NGAY], [HOTENKH], [MANV], [MAKHO], [rowguid]) VALUES (N'PX42    ', CAST(N'2020-11-01' AS Date), N'Trần Hữu Nhựt Minh', 5, N'K3N1', N'ef0d3015-1942-eb11-b636-107d1a1cf728')
GO
INSERT [dbo].[Vattu] ([MAVT], [TENVT], [DVT], [rowguid]) VALUES (N'AP01', N'Apple AirPods Pro MWP22 VN/A', N'Cái', N'1be3d1b3-d833-eb11-b616-107d1a1cf728')
GO
INSERT [dbo].[Vattu] ([MAVT], [TENVT], [DVT], [rowguid]) VALUES (N'BP01', N'Bàn phím Natural Ergonomic 400', N'Cái', N'd95f017e-9940-eb11-b633-107d1a1cf728')
GO
INSERT [dbo].[Vattu] ([MAVT], [TENVT], [DVT], [rowguid]) VALUES (N'BP03', N'Bàn phím Logitech WL MK270 ', N'Cái', N'f8cd515b-9940-eb11-b633-107d1a1cf728')
GO
INSERT [dbo].[Vattu] ([MAVT], [TENVT], [DVT], [rowguid]) VALUES (N'CC01', N'Cáp Type-C 1.5 m Sony CP-AC150', N'Cái', N'f8a43263-3737-eb11-b61a-107d1a1cf728')
GO
INSERT [dbo].[Vattu] ([MAVT], [TENVT], [DVT], [rowguid]) VALUES (N'CH01', N'Chuột Logitech MX Master WL', N'Cái', N'66bf316d-9a40-eb11-b633-107d1a1cf728')
GO
INSERT [dbo].[Vattu] ([MAVT], [TENVT], [DVT], [rowguid]) VALUES (N'CO04', N'Cốc "Lazy Day" Furyhorn', N'Cái', N'40f93569-d436-eb11-b61a-107d1a1cf728')
GO
INSERT [dbo].[Vattu] ([MAVT], [TENVT], [DVT], [rowguid]) VALUES (N'CR01', N'Bộ đọc thẻ SIIG USB 2.0', N'Cái', N'7ef7d9db-9940-eb11-b633-107d1a1cf728')
GO
INSERT [dbo].[Vattu] ([MAVT], [TENVT], [DVT], [rowguid]) VALUES (N'DG01', N'Đĩa Game PS4 Marvel''s Avengers', N'Cái', N'4cace18a-3837-eb11-b61a-107d1a1cf728')
GO
INSERT [dbo].[Vattu] ([MAVT], [TENVT], [DVT], [rowguid]) VALUES (N'DG02', N'Game Nintendo Swt Oct.Traveler', N'Cái', N'a01d4404-3937-eb11-b61a-107d1a1cf728')
GO
INSERT [dbo].[Vattu] ([MAVT], [TENVT], [DVT], [rowguid]) VALUES (N'DL02', N'Laptop Dell Inspiron 5593', N'Cái', N'9af0bfc2-d333-eb11-b616-107d1a1cf728')
GO
INSERT [dbo].[Vattu] ([MAVT], [TENVT], [DVT], [rowguid]) VALUES (N'DL03', N'Laptop Dell Gaming G3 3500', N'Cái', N'18d79ce0-d333-eb11-b616-107d1a1cf728')
GO
INSERT [dbo].[Vattu] ([MAVT], [TENVT], [DVT], [rowguid]) VALUES (N'FG02', N'League Champion Figures', N'Cái', N'60692226-d436-eb11-b61a-107d1a1cf728')
GO
INSERT [dbo].[Vattu] ([MAVT], [TENVT], [DVT], [rowguid]) VALUES (N'IC03', N'ICs H28S6D302BMR Sk Hynix', N'Cái', N'7dbeb3a1-4037-eb11-b61a-107d1a1cf728')
GO
INSERT [dbo].[Vattu] ([MAVT], [TENVT], [DVT], [rowguid]) VALUES (N'IM04', N'Apple iMac 2019 MRT32', N'Cái', N'78b60c64-d333-eb11-b616-107d1a1cf728')
GO
INSERT [dbo].[Vattu] ([MAVT], [TENVT], [DVT], [rowguid]) VALUES (N'IP01', N'Điện Thoại iPhone 12 Pro Max', N'Cái', N'08d71e86-2b2b-eb11-b60a-107d1a1cf728')
GO
INSERT [dbo].[Vattu] ([MAVT], [TENVT], [DVT], [rowguid]) VALUES (N'LB01', N'Loa Bluetooth Sony SRS-XB43', N'Cái', N'8795c43f-3737-eb11-b61a-107d1a1cf728')
GO
INSERT [dbo].[Vattu] ([MAVT], [TENVT], [DVT], [rowguid]) VALUES (N'LB08', N'Loa Bluetooth JBL Charge 4 30W', N'Cái', N'76985dfb-d833-eb11-b616-107d1a1cf728')
GO
INSERT [dbo].[Vattu] ([MAVT], [TENVT], [DVT], [rowguid]) VALUES (N'LS02', N'Loa thanh Sony HT- G700', N'Cái', N'557acf23-3737-eb11-b61a-107d1a1cf728')
GO
INSERT [dbo].[Vattu] ([MAVT], [TENVT], [DVT], [rowguid]) VALUES (N'LV12', N'Lò Vi Sóng Hafele HW-F30A', N'Cái', N'e85efcc6-5e34-eb11-b617-107d1a1cf728')
GO
INSERT [dbo].[Vattu] ([MAVT], [TENVT], [DVT], [rowguid]) VALUES (N'MB01', N'Apple Macbook Pro 2020', N'Cái', N'13332f0d-d333-eb11-b616-107d1a1cf728')
GO
INSERT [dbo].[Vattu] ([MAVT], [TENVT], [DVT], [rowguid]) VALUES (N'MB14', N'M.Tính Bảng Samsung Galaxy S6', N'Cái', N'6f47c22f-3437-eb11-b61a-107d1a1cf728')
GO
INSERT [dbo].[Vattu] ([MAVT], [TENVT], [DVT], [rowguid]) VALUES (N'MC06', N'Máy Cạo Râu Panasonic ES3831', N'Cái', N'14ae5844-d636-eb11-b61a-107d1a1cf728')
GO
INSERT [dbo].[Vattu] ([MAVT], [TENVT], [DVT], [rowguid]) VALUES (N'ME01', N'Máy Ép Trái Cây Panasonic ', N'Cái', N'0253b601-d636-eb11-b61a-107d1a1cf728')
GO
INSERT [dbo].[Vattu] ([MAVT], [TENVT], [DVT], [rowguid]) VALUES (N'MG09', N'Máy Giặt Sấy LG Inverter 9 Kg', N'Cái', N'63e7dd36-5e34-eb11-b617-107d1a1cf728')
GO
INSERT [dbo].[Vattu] ([MAVT], [TENVT], [DVT], [rowguid]) VALUES (N'ML07', N'Máy Lạnh Inverter LG V24ENF', N'Cái', N'61de50db-ac0c-eb11-b5d6-107d1a1cf728')
GO
INSERT [dbo].[Vattu] ([MAVT], [TENVT], [DVT], [rowguid]) VALUES (N'MNN3', N'Máy Nước Nóng Panasonic 4NS3V', N'Cái', N'b3afbef4-d636-eb11-b61a-107d1a1cf728')
GO
INSERT [dbo].[Vattu] ([MAVT], [TENVT], [DVT], [rowguid]) VALUES (N'MQ04', N'Máy quay phim SONY HDR-PJ440E', N'Cái', N'b05d8a83-3737-eb11-b61a-107d1a1cf728')
GO
INSERT [dbo].[Vattu] ([MAVT], [TENVT], [DVT], [rowguid]) VALUES (N'MS01', N'Máy Sấy Tóc Philips BHD002/00', N'Cái', N'62de50db-ac0c-eb11-b5d6-107d1a1cf728')
GO
INSERT [dbo].[Vattu] ([MAVT], [TENVT], [DVT], [rowguid]) VALUES (N'MSF1', N'Microsoft Surface Pro 6 8650U', N'Cái', N'be4583c9-9840-eb11-b633-107d1a1cf728')
GO
INSERT [dbo].[Vattu] ([MAVT], [TENVT], [DVT], [rowguid]) VALUES (N'MSF2', N'Microsoft Surface Pro 7 1065G7', N'Cái', N'b4745ae0-9840-eb11-b633-107d1a1cf728')
GO
INSERT [dbo].[Vattu] ([MAVT], [TENVT], [DVT], [rowguid]) VALUES (N'MU06', N'Máy Uốn Tóc AUX HS-8088', N'Cái', N'63de50db-ac0c-eb11-b5d6-107d1a1cf728')
GO
INSERT [dbo].[Vattu] ([MAVT], [TENVT], [DVT], [rowguid]) VALUES (N'OC01', N'Ổ Cứng SSD Samsung 860 500GB', N'Cái', N'c4cfe07f-3437-eb11-b61a-107d1a1cf728')
GO
INSERT [dbo].[Vattu] ([MAVT], [TENVT], [DVT], [rowguid]) VALUES (N'OC02', N'Ổ cứng SSD Hynix BC511 512GB', N'Cái', N'd2f8f323-4037-eb11-b61a-107d1a1cf728')
GO
INSERT [dbo].[Vattu] ([MAVT], [TENVT], [DVT], [rowguid]) VALUES (N'PS4P', N'PS4 Pro Bundle CUH-7218B OM2', N'Cái', N'a3bc60b3-9e40-eb11-b633-107d1a1cf728')
GO
INSERT [dbo].[Vattu] ([MAVT], [TENVT], [DVT], [rowguid]) VALUES (N'PS5D', N'PS5 Digital Edition', N'Cái', N'bd947321-9840-eb11-b633-107d1a1cf728')
GO
INSERT [dbo].[Vattu] ([MAVT], [TENVT], [DVT], [rowguid]) VALUES (N'RA01', N'RAM Kingston HyperX Predator', N'Cái', N'b07d8fa2-d633-eb11-b616-107d1a1cf728')
GO
INSERT [dbo].[Vattu] ([MAVT], [TENVT], [DVT], [rowguid]) VALUES (N'RA02', N'RAM Laptop Hynix 16GB DDR4', N'Cái', N'36423750-ad30-eb11-b610-107d1a1cf728')
GO
INSERT [dbo].[Vattu] ([MAVT], [TENVT], [DVT], [rowguid]) VALUES (N'RA03', N'RAM Hynix 64GB DDR4 2933MHz', N'Cái', N'77898b43-4037-eb11-b61a-107d1a1cf728')
GO
INSERT [dbo].[Vattu] ([MAVT], [TENVT], [DVT], [rowguid]) VALUES (N'RA05', N'RAM HPE DDR4 32GB DIMM 288', N'Cái', N'425a2b2f-9a40-eb11-b633-107d1a1cf728')
GO
INSERT [dbo].[Vattu] ([MAVT], [TENVT], [DVT], [rowguid]) VALUES (N'SDP1', N'Pin Sạc Dự Phòng Samsung EB-P1', N'Cái', N'4cbfe8f9-3337-eb11-b61a-107d1a1cf728')
GO
INSERT [dbo].[Vattu] ([MAVT], [TENVT], [DVT], [rowguid]) VALUES (N'SG20', N'Điện Thoại SS Galaxy Note 20', N'Cái', N'5284c66c-3337-eb11-b61a-107d1a1cf728')
GO
INSERT [dbo].[Vattu] ([MAVT], [TENVT], [DVT], [rowguid]) VALUES (N'TL03', N'Tủ lạnh LG SBS GR-D247JDS', N'Cái', N'60de50db-ac0c-eb11-b5d6-107d1a1cf728')
GO
INSERT [dbo].[Vattu] ([MAVT], [TENVT], [DVT], [rowguid]) VALUES (N'TN03', N'Thẻ Nhớ Micro SD Samsung 32GB', N'Cái', N'c451065c-3437-eb11-b61a-107d1a1cf728')
GO
INSERT [dbo].[Vattu] ([MAVT], [TENVT], [DVT], [rowguid]) VALUES (N'TN05', N'Thẻ Nhớ Micro SDHC SanDisk 32G', N'Cái', N'b100ff57-d733-eb11-b616-107d1a1cf728')
GO
INSERT [dbo].[Vattu] ([MAVT], [TENVT], [DVT], [rowguid]) VALUES (N'TV01', N'Smart Tivi Samsung 4K 70 inch', N'Cái', N'06aa2cbb-d133-eb11-b616-107d1a1cf728')
GO
INSERT [dbo].[Vattu] ([MAVT], [TENVT], [DVT], [rowguid]) VALUES (N'TV05', N'Android Tivi Sony 4K 55 inch K', N'Cái', N'64de50db-ac0c-eb11-b5d6-107d1a1cf728')
GO
INSERT [dbo].[Vattu] ([MAVT], [TENVT], [DVT], [rowguid]) VALUES (N'UB02', N'USB Kingston 4000 G2 4GB', N'Cái', N'682733ae-9940-eb11-b633-107d1a1cf728')
GO
INSERT [dbo].[Vattu] ([MAVT], [TENVT], [DVT], [rowguid]) VALUES (N'VS01', N'Điện thoại Vsmart Aris Pro', N'Cái', N'030594d5-2b2b-eb11-b60a-107d1a1cf728')
GO
SET ANSI_PADDING ON
GO
/****** Object:  Index [UK_ChiNhanh]    Script Date: 12/20/2020 5:22:13 PM ******/
ALTER TABLE [dbo].[ChiNhanh] ADD  CONSTRAINT [UK_ChiNhanh] UNIQUE NONCLUSTERED 
(
	[ChiNhanh] ASC
)WITH (PAD_INDEX = OFF, STATISTICS_NORECOMPUTE = OFF, SORT_IN_TEMPDB = OFF, IGNORE_DUP_KEY = OFF, ONLINE = OFF, ALLOW_ROW_LOCKS = ON, ALLOW_PAGE_LOCKS = ON) ON [PRIMARY]
GO
SET ANSI_PADDING ON
GO
/****** Object:  Index [UK_TENKHO]    Script Date: 12/20/2020 5:22:13 PM ******/
ALTER TABLE [dbo].[Kho] ADD  CONSTRAINT [UK_TENKHO] UNIQUE NONCLUSTERED 
(
	[TENKHO] ASC
)WITH (PAD_INDEX = OFF, STATISTICS_NORECOMPUTE = OFF, SORT_IN_TEMPDB = OFF, IGNORE_DUP_KEY = OFF, ONLINE = OFF, ALLOW_ROW_LOCKS = ON, ALLOW_PAGE_LOCKS = ON) ON [PRIMARY]
GO
SET ANSI_PADDING ON
GO
/****** Object:  Index [UK_MaSoDDH]    Script Date: 12/20/2020 5:22:13 PM ******/
ALTER TABLE [dbo].[PhieuNhap] ADD  CONSTRAINT [UK_MaSoDDH] UNIQUE NONCLUSTERED 
(
	[MasoDDH] ASC
)WITH (PAD_INDEX = OFF, STATISTICS_NORECOMPUTE = OFF, SORT_IN_TEMPDB = OFF, IGNORE_DUP_KEY = OFF, ONLINE = OFF, ALLOW_ROW_LOCKS = ON, ALLOW_PAGE_LOCKS = ON) ON [PRIMARY]
GO
SET ANSI_PADDING ON
GO
/****** Object:  Index [UK_TENVT]    Script Date: 12/20/2020 5:22:13 PM ******/
ALTER TABLE [dbo].[Vattu] ADD  CONSTRAINT [UK_TENVT] UNIQUE NONCLUSTERED 
(
	[TENVT] ASC
)WITH (PAD_INDEX = OFF, STATISTICS_NORECOMPUTE = OFF, SORT_IN_TEMPDB = OFF, IGNORE_DUP_KEY = OFF, ONLINE = OFF, ALLOW_ROW_LOCKS = ON, ALLOW_PAGE_LOCKS = ON) ON [PRIMARY]
GO
ALTER TABLE [dbo].[ChiNhanh] ADD  CONSTRAINT [MSmerge_df_rowguid_31FEC67E4D704F8DA05CA9E2212BE570]  DEFAULT (newsequentialid()) FOR [rowguid]
GO
ALTER TABLE [dbo].[CTDDH] ADD  CONSTRAINT [MSmerge_df_rowguid_7CD107C95AEB41D5917A99FFDE8EB831]  DEFAULT (newsequentialid()) FOR [rowguid]
GO
ALTER TABLE [dbo].[CTPN] ADD  CONSTRAINT [MSmerge_df_rowguid_A0541A6688954DBE845FB7E332295B69]  DEFAULT (newsequentialid()) FOR [rowguid]
GO
ALTER TABLE [dbo].[CTPX] ADD  CONSTRAINT [MSmerge_df_rowguid_09B77BDA543F4B37BC9D4B8628642830]  DEFAULT (newsequentialid()) FOR [rowguid]
GO
ALTER TABLE [dbo].[DatHang] ADD  CONSTRAINT [DF_DatHang_MasoDDH]  DEFAULT (getdate()) FOR [MasoDDH]
GO
ALTER TABLE [dbo].[DatHang] ADD  CONSTRAINT [DF_DatHang_NGAY]  DEFAULT (getdate()) FOR [NGAY]
GO
ALTER TABLE [dbo].[DatHang] ADD  CONSTRAINT [MSmerge_df_rowguid_1E4E7D13BC5B4B58B2044036E6A45DC8]  DEFAULT (newsequentialid()) FOR [rowguid]
GO
ALTER TABLE [dbo].[Kho] ADD  CONSTRAINT [MSmerge_df_rowguid_DABD69DD30384ECCA735C2AA210E8EFB]  DEFAULT (newsequentialid()) FOR [rowguid]
GO
ALTER TABLE [dbo].[NhanVien] ADD  CONSTRAINT [MSmerge_df_rowguid_CD59C912D18246CAA25D220300787F2F]  DEFAULT (newsequentialid()) FOR [rowguid]
GO
ALTER TABLE [dbo].[PhieuNhap] ADD  CONSTRAINT [DF_PhieuNhap_MAPN]  DEFAULT (getdate()) FOR [MAPN]
GO
ALTER TABLE [dbo].[PhieuNhap] ADD  CONSTRAINT [DF_PhieuNhap_NGAY]  DEFAULT (getdate()) FOR [NGAY]
GO
ALTER TABLE [dbo].[PhieuNhap] ADD  CONSTRAINT [MSmerge_df_rowguid_43EAE33342EE42DC91653F8844E13703]  DEFAULT (newsequentialid()) FOR [rowguid]
GO
ALTER TABLE [dbo].[PhieuXuat] ADD  CONSTRAINT [DF_PX_NGAY]  DEFAULT (getdate()) FOR [NGAY]
GO
ALTER TABLE [dbo].[PhieuXuat] ADD  CONSTRAINT [MSmerge_df_rowguid_45156321A69C425487417C86DABA0DDA]  DEFAULT (newsequentialid()) FOR [rowguid]
GO
ALTER TABLE [dbo].[Vattu] ADD  CONSTRAINT [MSmerge_df_rowguid_38EB0A98F6654002B25EF82C8AA5E787]  DEFAULT (newsequentialid()) FOR [rowguid]
GO
ALTER TABLE [dbo].[CTDDH]  WITH NOCHECK ADD  CONSTRAINT [FK_CTDDH_DatHang] FOREIGN KEY([MasoDDH])
REFERENCES [dbo].[DatHang] ([MasoDDH])
NOT FOR REPLICATION 
GO
ALTER TABLE [dbo].[CTDDH] CHECK CONSTRAINT [FK_CTDDH_DatHang]
GO
ALTER TABLE [dbo].[CTDDH]  WITH NOCHECK ADD  CONSTRAINT [FK_CTDDH_VatTu] FOREIGN KEY([MAVT])
REFERENCES [dbo].[Vattu] ([MAVT])
ON UPDATE CASCADE
NOT FOR REPLICATION 
GO
ALTER TABLE [dbo].[CTDDH] CHECK CONSTRAINT [FK_CTDDH_VatTu]
GO
ALTER TABLE [dbo].[CTPN]  WITH NOCHECK ADD  CONSTRAINT [FK_CTPN_PhieuNhap] FOREIGN KEY([MAPN])
REFERENCES [dbo].[PhieuNhap] ([MAPN])
ON UPDATE CASCADE
NOT FOR REPLICATION 
GO
ALTER TABLE [dbo].[CTPN] CHECK CONSTRAINT [FK_CTPN_PhieuNhap]
GO
ALTER TABLE [dbo].[CTPN]  WITH NOCHECK ADD  CONSTRAINT [FK_CTPN_VatTu] FOREIGN KEY([MAVT])
REFERENCES [dbo].[Vattu] ([MAVT])
ON UPDATE CASCADE
NOT FOR REPLICATION 
GO
ALTER TABLE [dbo].[CTPN] CHECK CONSTRAINT [FK_CTPN_VatTu]
GO
ALTER TABLE [dbo].[CTPX]  WITH NOCHECK ADD  CONSTRAINT [FK_CTPX_PX] FOREIGN KEY([MAPX])
REFERENCES [dbo].[PhieuXuat] ([MAPX])
ON UPDATE CASCADE
NOT FOR REPLICATION 
GO
ALTER TABLE [dbo].[CTPX] CHECK CONSTRAINT [FK_CTPX_PX]
GO
ALTER TABLE [dbo].[CTPX]  WITH NOCHECK ADD  CONSTRAINT [FK_CTPX_VatTu] FOREIGN KEY([MAVT])
REFERENCES [dbo].[Vattu] ([MAVT])
ON UPDATE CASCADE
NOT FOR REPLICATION 
GO
ALTER TABLE [dbo].[CTPX] CHECK CONSTRAINT [FK_CTPX_VatTu]
GO
ALTER TABLE [dbo].[DatHang]  WITH NOCHECK ADD  CONSTRAINT [FK_DatHang_Kho] FOREIGN KEY([MAKHO])
REFERENCES [dbo].[Kho] ([MAKHO])
ON UPDATE CASCADE
NOT FOR REPLICATION 
GO
ALTER TABLE [dbo].[DatHang] CHECK CONSTRAINT [FK_DatHang_Kho]
GO
ALTER TABLE [dbo].[DatHang]  WITH NOCHECK ADD  CONSTRAINT [FK_DatHang_NhanVien] FOREIGN KEY([MANV])
REFERENCES [dbo].[NhanVien] ([MANV])
ON UPDATE CASCADE
NOT FOR REPLICATION 
GO
ALTER TABLE [dbo].[DatHang] CHECK CONSTRAINT [FK_DatHang_NhanVien]
GO
ALTER TABLE [dbo].[Kho]  WITH NOCHECK ADD  CONSTRAINT [FK_Kho_Kho] FOREIGN KEY([MACN])
REFERENCES [dbo].[ChiNhanh] ([MACN])
ON UPDATE CASCADE
NOT FOR REPLICATION 
GO
ALTER TABLE [dbo].[Kho] CHECK CONSTRAINT [FK_Kho_Kho]
GO
ALTER TABLE [dbo].[NhanVien]  WITH CHECK ADD  CONSTRAINT [FK_NhanVien_ChiNhanh] FOREIGN KEY([MACN])
REFERENCES [dbo].[ChiNhanh] ([MACN])
GO
ALTER TABLE [dbo].[NhanVien] CHECK CONSTRAINT [FK_NhanVien_ChiNhanh]
GO
ALTER TABLE [dbo].[PhieuNhap]  WITH NOCHECK ADD  CONSTRAINT [FK_PhieuNhap_DatHang] FOREIGN KEY([MasoDDH])
REFERENCES [dbo].[DatHang] ([MasoDDH])
NOT FOR REPLICATION 
GO
ALTER TABLE [dbo].[PhieuNhap] CHECK CONSTRAINT [FK_PhieuNhap_DatHang]
GO
ALTER TABLE [dbo].[PhieuNhap]  WITH NOCHECK ADD  CONSTRAINT [FK_PhieuNhap_Kho] FOREIGN KEY([MAKHO])
REFERENCES [dbo].[Kho] ([MAKHO])
ON UPDATE CASCADE
NOT FOR REPLICATION 
GO
ALTER TABLE [dbo].[PhieuNhap] CHECK CONSTRAINT [FK_PhieuNhap_Kho]
GO
ALTER TABLE [dbo].[PhieuNhap]  WITH NOCHECK ADD  CONSTRAINT [FK_PhieuNhap_NhanVien] FOREIGN KEY([MANV])
REFERENCES [dbo].[NhanVien] ([MANV])
ON UPDATE CASCADE
NOT FOR REPLICATION 
GO
ALTER TABLE [dbo].[PhieuNhap] CHECK CONSTRAINT [FK_PhieuNhap_NhanVien]
GO
ALTER TABLE [dbo].[PhieuXuat]  WITH NOCHECK ADD  CONSTRAINT [FK_PX_Kho] FOREIGN KEY([MAKHO])
REFERENCES [dbo].[Kho] ([MAKHO])
ON UPDATE CASCADE
NOT FOR REPLICATION 
GO
ALTER TABLE [dbo].[PhieuXuat] CHECK CONSTRAINT [FK_PX_Kho]
GO
ALTER TABLE [dbo].[PhieuXuat]  WITH NOCHECK ADD  CONSTRAINT [FK_PX_NhanVien] FOREIGN KEY([MANV])
REFERENCES [dbo].[NhanVien] ([MANV])
ON UPDATE CASCADE
NOT FOR REPLICATION 
GO
ALTER TABLE [dbo].[PhieuXuat] CHECK CONSTRAINT [FK_PX_NhanVien]
GO
ALTER TABLE [dbo].[CTDDH]  WITH NOCHECK ADD  CONSTRAINT [CK_DONGIA] CHECK NOT FOR REPLICATION (([DONGIA]>(0)))
GO
ALTER TABLE [dbo].[CTDDH] CHECK CONSTRAINT [CK_DONGIA]
GO
ALTER TABLE [dbo].[CTDDH]  WITH NOCHECK ADD  CONSTRAINT [CK_SOLUONG] CHECK NOT FOR REPLICATION (([SOLUONG]>(0)))
GO
ALTER TABLE [dbo].[CTDDH] CHECK CONSTRAINT [CK_SOLUONG]
GO
ALTER TABLE [dbo].[CTPN]  WITH NOCHECK ADD  CONSTRAINT [CK_DONGIACTPN] CHECK NOT FOR REPLICATION (([DONGIA]>=(0)))
GO
ALTER TABLE [dbo].[CTPN] CHECK CONSTRAINT [CK_DONGIACTPN]
GO
ALTER TABLE [dbo].[CTPN]  WITH NOCHECK ADD  CONSTRAINT [CK_SOLUONGCTPN] CHECK NOT FOR REPLICATION (([SOLUONG]>(0)))
GO
ALTER TABLE [dbo].[CTPN] CHECK CONSTRAINT [CK_SOLUONGCTPN]
GO
ALTER TABLE [dbo].[CTPX]  WITH NOCHECK ADD  CONSTRAINT [CK_DONGIACTPX] CHECK NOT FOR REPLICATION (([DONGIA]>=(0)))
GO
ALTER TABLE [dbo].[CTPX] CHECK CONSTRAINT [CK_DONGIACTPX]
GO
ALTER TABLE [dbo].[CTPX]  WITH NOCHECK ADD  CONSTRAINT [CK_SOLUONGCTPX] CHECK NOT FOR REPLICATION (([SOLUONG]>(0)))
GO
ALTER TABLE [dbo].[CTPX] CHECK CONSTRAINT [CK_SOLUONGCTPX]
GO
ALTER TABLE [dbo].[NhanVien]  WITH NOCHECK ADD  CONSTRAINT [CK_LUONG] CHECK NOT FOR REPLICATION (([LUONG]>=(4000000)))
GO
ALTER TABLE [dbo].[NhanVien] CHECK CONSTRAINT [CK_LUONG]
GO
